store_id,pool_point_id,market,size_tier,base_weekly_pallets,delivery_days,deliveries_per_week,pallet_max,open_date
S1001,PP01,Albany,Large,24.18,Tue/Thu/Sat,3,11,2015-01-01
S1002,PP01,Albany,Large,21.41,Tue/Thu/Sat,3,10,2015-01-01
S1003,PP01,Albany,Medium,15.97,Wed/Sat,2,11,2015-01-01
S1004,PP01,Albany,Large,22.53,Mon/Wed/Fri,3,10,2015-01-01
S1005,PP01,Albany,Small,10.27,Mon/Thu,2,7,2015-01-01
S1006,PP01,Albany,Medium,12.64,Tue/Fri,2,9,2015-01-01
S1007,PP01,Albany,Small,9.75,Wed/Sat,2,7,2015-01-01
S1008,PP01,Albany,Medium,19.3,Mon/Thu,2,13,2024-09-21
S1009,PP01,Albany,Medium,15.36,Mon/Wed/Fri,3,7,2015-01-01
S1010,PP01,Albany,Small,9.92,Mon/Thu,2,7,2015-01-01
S1011,PP01,Albany,Large,17.62,Mon/Wed/Fri,3,8,2015-01-01
S1012,PP01,Albany,Large,21.37,Mon/Wed/Fri,3,10,2015-01-01
S1013,PP01,Albany,Medium,14.48,Tue/Thu/Sat,3,7,2015-01-01
S1014,PP01,Albany,Medium,11.25,Mon/Thu,2,8,2015-01-01
S1015,PP02,Hartford,Small,11.26,Tue/Fri,2,8,2015-01-01
S1016,PP02,Hartford,Medium,10.88,Tue/Fri,2,8,2015-01-01
S1017,PP02,Hartford,Medium,15.77,Tue/Thu/Sat,3,7,2015-01-01
S1018,PP02,Hartford,Small,8.75,Wed/Sat,2,6,2015-01-01
S1019,PP02,Hartford,Small,9.7,Wed/Sat,2,7,2015-01-01
S1020,PP02,Hartford,Medium,13.13,Wed/Sat,2,9,2015-01-01
S1021,PP02,Hartford,Large,19.02,Tue/Thu/Sat,3,9,2015-01-01
S1022,PP02,Hartford,Medium,15.06,Mon/Wed/Fri,3,7,2023-04-22
S1023,PP02,Hartford,Small,9.62,Tue/Fri,2,7,2015-01-01
S1024,PP02,Hartford,Medium,13.83,Tue/Fri,2,9,2015-01-01
S1025,PP02,Hartford,Small,7.75,Tue/Fri,2,6,2015-01-01
S1026,PP02,Hartford,Small,10.94,Wed/Sat,2,8,2015-01-01
S1027,PP02,Hartford,Medium,12.17,Mon/Wed/Fri,3,6,2015-01-01
S1028,PP02,Hartford,Medium,10.8,Mon/Thu,2,8,2015-01-01
S1029,PP02,Hartford,Small,7.25,Mon/Thu,2,5,2015-01-01
S1030,PP02,Hartford,Medium,14.05,Wed/Sat,2,10,2015-01-01
S1031,PP02,Hartford,Small,9.25,Wed/Sat,2,7,2015-01-01
S1032,PP02,Hartford,Medium,14.77,Mon/Wed/Fri,3,7,2015-01-01
S1033,PP02,Hartford,Small,7.83,Wed/Sat,2,6,2015-01-01
S1034,PP03,Worcester,Medium,13.54,Tue/Fri,2,9,2015-01-01
S1035,PP03,Worcester,Small,12.14,Tue/Fri,2,8,2015-01-01
S1036,PP03,Worcester,Large,18.1,Tue/Thu/Sat,3,8,2015-01-01
S1037,PP03,Worcester,Medium,13.15,Tue/Fri,2,9,2015-01-01
S1038,PP03,Worcester,Large,20.51,Tue/Thu/Sat,3,9,2024-02-24
S1039,PP03,Worcester,Small,8.37,Mon/Thu,2,6,2015-01-01
S1040,PP03,Worcester,Medium,14.28,Mon/Wed/Fri,3,7,2015-01-01
S1041,PP03,Worcester,Small,7.79,Mon/Thu,2,6,2015-01-01
S1042,PP03,Worcester,Large,23.81,Tue/Thu/Sat,3,11,2015-01-01
S1043,PP03,Worcester,Large,22.25,Tue/Thu/Sat,3,10,2015-01-01
S1044,PP03,Worcester,Large,22.45,Tue/Thu/Sat,3,10,2015-01-01
S1045,PP03,Worcester,Large,21.55,Mon/Wed/Fri,3,10,2023-12-09
S1046,PP03,Worcester,Large,20.63,Mon/Wed/Fri,3,9,2015-01-01
S1047,PP03,Worcester,Medium,13.16,Tue/Fri,2,9,2015-01-01
S1048,PP03,Worcester,Medium,14.39,Wed/Sat,2,10,2015-01-01
S1049,PP03,Worcester,Large,20.44,Mon/Wed/Fri,3,9,2015-01-01
S1050,PP03,Worcester,Medium,11.86,Wed/Sat,2,8,2015-01-01
S1051,PP03,Worcester,Medium,13.66,Tue/Thu/Sat,3,6,2015-01-01
S1052,PP03,Worcester,Small,9.91,Wed/Sat,2,7,2015-01-01
S1053,PP04,Harrisburg,Medium,11.66,Tue/Thu/Sat,3,6,2015-01-01
S1054,PP04,Harrisburg,Medium,14.06,Tue/Thu/Sat,3,7,2015-01-01
S1055,PP04,Harrisburg,Medium,13.33,Tue/Fri,2,9,2015-01-01
S1056,PP04,Harrisburg,Small,8.11,Tue/Fri,2,6,2015-01-01
S1057,PP04,Harrisburg,Medium,11.9,Tue/Thu/Sat,3,6,2024-11-23
S1058,PP04,Harrisburg,Large,27.83,Mon/Wed/Fri,3,13,2015-01-01
S1059,PP04,Harrisburg,Medium,12.81,Tue/Thu/Sat,3,6,2015-01-01
S1060,PP04,Harrisburg,Large,19.04,Mon/Wed/Fri,3,9,2015-01-01
S1061,PP04,Harrisburg,Medium,12.93,Mon/Thu,2,9,2015-01-01
S1062,PP04,Harrisburg,Medium,10.76,Tue/Fri,2,7,2015-01-01
S1063,PP04,Harrisburg,Medium,18.44,Mon/Wed/Fri,3,8,2015-01-01
S1064,PP04,Harrisburg,Medium,14.74,Mon/Thu,2,10,2015-01-01
S1065,PP04,Harrisburg,Large,22.42,Mon/Wed/Fri,3,10,2015-01-01
S1066,PP04,Harrisburg,Small,7.32,Tue/Fri,2,5,2015-01-01
S1067,PP04,Harrisburg,Small,8.28,Mon/Thu,2,6,2015-01-01
S1068,PP05,Pittsburgh,Medium,14.76,Tue/Fri,2,10,2015-01-01
S1069,PP05,Pittsburgh,Large,22.02,Mon/Wed/Fri,3,10,2015-01-01
S1070,PP05,Pittsburgh,Small,11.4,Mon/Thu,2,8,2015-01-01
S1071,PP05,Pittsburgh,Small,7.62,Mon/Thu,2,5,2015-01-01
S1072,PP05,Pittsburgh,Large,16.16,Tue/Thu/Sat,3,8,2015-01-01
S1073,PP05,Pittsburgh,Large,17.78,Mon/Wed/Fri,3,8,2015-01-01
S1074,PP05,Pittsburgh,Medium,13.4,Tue/Thu/Sat,3,6,2015-01-01
S1075,PP05,Pittsburgh,Medium,17.46,Wed/Sat,2,12,2015-01-01
S1076,PP05,Pittsburgh,Small,8.51,Tue/Fri,2,6,2015-01-01
S1077,PP05,Pittsburgh,Medium,18.14,Tue/Fri,2,12,2015-01-01
S1078,PP05,Pittsburgh,Medium,11.95,Mon/Wed/Fri,3,6,2015-01-01
S1079,PP05,Pittsburgh,Large,27.23,Tue/Thu/Sat,3,12,2015-01-01
S1080,PP05,Pittsburgh,Large,22.43,Mon/Wed/Fri,3,10,2015-01-01
S1081,PP05,Pittsburgh,Medium,14.14,Mon/Wed/Fri,3,7,2015-01-01
S1082,PP05,Pittsburgh,Medium,13.61,Wed/Sat,2,9,2015-01-01
S1083,PP05,Pittsburgh,Medium,15.62,Wed/Sat,2,11,2015-01-01
S1084,PP05,Pittsburgh,Large,26.34,Mon/Wed/Fri,3,12,2015-01-01
S1085,PP06,Baltimore,Large,21.1,Tue/Thu/Sat,3,10,2015-01-01
S1086,PP06,Baltimore,Small,9.43,Mon/Thu,2,7,2015-01-01
S1087,PP06,Baltimore,Medium,14.65,Tue/Fri,2,10,2015-01-01
S1088,PP06,Baltimore,Medium,10.27,Wed/Sat,2,7,2015-01-01
S1089,PP06,Baltimore,Small,9.51,Mon/Thu,2,7,2015-01-01
S1090,PP06,Baltimore,Medium,15.82,Wed/Sat,2,11,2015-01-01
S1091,PP06,Baltimore,Small,7.91,Wed/Sat,2,6,2015-01-01
S1092,PP06,Baltimore,Small,9.53,Mon/Thu,2,7,2015-01-01
S1093,PP06,Baltimore,Medium,17.48,Wed/Sat,2,12,2015-01-01
S1094,PP06,Baltimore,Medium,15.89,Tue/Fri,2,11,2015-01-01
S1095,PP06,Baltimore,Large,22.82,Tue/Thu/Sat,3,10,2015-01-01
S1096,PP06,Baltimore,Medium,10.37,Mon/Thu,2,7,2015-01-01
S1097,PP06,Baltimore,Medium,11.01,Tue/Thu/Sat,3,5,2025-03-08
S1098,PP06,Baltimore,Medium,15.15,Tue/Fri,2,10,2015-01-01
S1099,PP06,Baltimore,Large,21.17,Tue/Thu/Sat,3,10,2015-01-01
S1100,PP06,Baltimore,Small,9.19,Mon/Thu,2,6,2015-01-01
S1101,PP06,Baltimore,Large,22.74,Mon/Wed/Fri,3,10,2015-01-01
S1102,PP06,Baltimore,Medium,15.83,Mon/Thu,2,11,2015-01-01
S1103,PP07,Richmond,Small,10.19,Wed/Sat,2,7,2025-02-01
S1104,PP07,Richmond,Small,6.34,Tue/Fri,2,5,2015-01-01
S1105,PP07,Richmond,Large,20.12,Mon/Wed/Fri,3,9,2015-01-01
S1106,PP07,Richmond,Large,20.78,Tue/Thu/Sat,3,10,2015-01-01
S1107,PP07,Richmond,Medium,17.15,Mon/Thu,2,12,2015-01-01
S1108,PP07,Richmond,Medium,12.25,Tue/Thu/Sat,3,6,2015-01-01
S1109,PP07,Richmond,Large,17.07,Tue/Thu/Sat,3,8,2015-01-01
S1110,PP07,Richmond,Small,8.82,Mon/Thu,2,6,2015-01-01
S1111,PP07,Richmond,Small,8.22,Wed/Sat,2,6,2015-01-01
S1112,PP07,Richmond,Medium,14.93,Mon/Thu,2,10,2015-01-01
S1113,PP07,Richmond,Small,10.97,Tue/Fri,2,8,2015-01-01
S1114,PP07,Richmond,Medium,13.32,Mon/Thu,2,9,2015-01-01
S1115,PP07,Richmond,Medium,14.75,Mon/Thu,2,10,2015-01-01
S1116,PP07,Richmond,Small,10.58,Mon/Thu,2,7,2015-01-01
S1117,PP07,Richmond,Medium,13.95,Mon/Thu,2,10,2015-01-01
S1118,PP07,Richmond,Medium,11.84,Mon/Wed/Fri,3,6,2015-01-01
S1119,PP08,Syracuse,Small,7.79,Tue/Fri,2,6,2015-01-01
S1120,PP08,Syracuse,Medium,13.42,Tue/Fri,2,9,2015-01-01
S1121,PP08,Syracuse,Medium,11.8,Mon/Thu,2,8,2015-01-01
S1122,PP08,Syracuse,Medium,17.36,Mon/Thu,2,12,2015-01-01
S1123,PP08,Syracuse,Medium,12.46,Wed/Sat,2,9,2015-01-01
S1124,PP08,Syracuse,Medium,15.35,Tue/Thu/Sat,3,7,2015-01-01
S1125,PP08,Syracuse,Small,9.63,Wed/Sat,2,7,2015-01-01
S1126,PP08,Syracuse,Medium,10.64,Mon/Wed/Fri,3,5,2015-01-01
S1127,PP08,Syracuse,Medium,16.01,Wed/Sat,2,11,2015-01-01
S1128,PP08,Syracuse,Medium,12.9,Tue/Fri,2,9,2015-01-01
S1129,PP08,Syracuse,Medium,11.08,Wed/Sat,2,8,2015-01-01
S1130,PP08,Syracuse,Small,10.13,Wed/Sat,2,7,2015-01-01
S1131,PP08,Syracuse,Small,10.3,Tue/Fri,2,7,2015-01-01
S1132,PP08,Syracuse,Medium,12.25,Tue/Fri,2,8,2015-01-01
S1133,PP08,Syracuse,Medium,17.41,Mon/Thu,2,12,2015-01-01
S1134,PP08,Syracuse,Medium,13.26,Mon/Wed/Fri,3,6,2015-01-01
S1135,PP04,Harrisburg,Medium,14.98,Tue/Thu/Sat,3,7,2026-09-12
S1136,PP07,Richmond,Medium,15.4,Wed/Sat,2,11,2026-10-17
