week_ending,demand_index
2022-08-06,0.9381978586583669
2022-08-13,0.9438222568870503
2022-08-20,0.9294432930691173
2022-08-27,0.9150643292511844
2022-09-03,0.9006853654332514
2022-09-10,0.8863064016153183
2022-09-17,0.8841372008487228
2022-09-24,0.8868519053026624
2022-10-01,0.889566609756602
2022-10-08,0.8922813142105415
2022-10-15,0.9104275232743806
2022-10-22,0.9491490718180857
2022-10-29,0.9878706203617907
2022-11-05,1.026592168905496
2022-11-12,1.065313717449201
2022-11-19,1.1546931565103153
2022-11-26,1.2440725955714296
2022-12-03,1.333452034632544
2022-12-10,1.4228314736936583
2022-12-17,1.3282450659550726
2022-12-24,1.1600723194966074
2022-12-31,0.9918995730381421
2023-01-07,0.8237268265796768
2023-01-14,0.7127861532128326
2023-01-21,0.7449256625750411
2023-01-28,0.7770651719372496
2023-02-04,0.8092046812994582
2023-02-11,0.8413441906616667
2023-02-18,0.8561520645008612
2023-02-25,0.870959938340056
2023-03-04,0.8857678121792507
2023-03-11,0.9005756860184455
2023-03-18,0.9068424821066068
2023-03-25,0.9116857652362625
2023-04-01,0.9165290483659182
2023-04-08,0.921372331495574
2023-04-15,0.9277950806770865
2023-04-22,0.936323784594408
2023-04-29,0.9448524885117294
2023-05-06,0.9533811924290511
2023-05-13,0.9596473408636141
2023-05-20,0.9523381564016272
2023-05-27,0.9450289719396402
2023-06-03,0.9377197874776532
2023-06-10,0.9304106030156662
2023-06-17,0.9268123277120927
2023-06-24,0.9246984160718847
2023-07-01,0.9225845044316766
2023-07-08,0.9204705927914686
2023-07-15,0.9255333244430672
2023-07-22,0.9401649138170747
2023-07-29,0.9547965031910821
2023-08-05,0.9694280925650897
2023-08-12,0.9840596819390971
2023-08-19,0.9629653043063328
2023-08-26,0.9418709266735686
2023-09-02,0.9207765490408044
2023-09-09,0.8996821714080401
2023-09-16,0.8897129365989549
2023-09-23,0.8880875589076289
2023-09-30,0.8864621812163029
2023-10-07,0.8848368035249767
2023-10-14,0.8966417142441296
2023-10-21,0.94202234598948
2023-10-28,0.9874029777348302
2023-11-04,1.0327836094801803
2023-11-11,1.0781642412255306
2023-11-18,1.1679758494079258
2023-11-25,1.2651926203298283
2023-12-02,1.3624093912517306
2023-12-09,1.459626162173633
2023-12-16,1.3985848398738743
2023-12-23,1.21884994765787
2023-12-30,1.0391150554418653
2024-01-06,0.859380163225861
2024-01-13,0.7106125272582724
2024-01-20,0.7476484287811798
2024-01-27,0.784684330304087
2024-02-03,0.8217202318269945
2024-02-10,0.8587561333499019
2024-02-17,0.8753497561503115
2024-02-24,0.8885363324969717
2024-03-02,0.9017229088436319
2024-03-09,0.9149094851902921
2024-03-16,0.9196379069886975
2024-03-23,0.9180227128759118
2024-03-30,0.916407518763126
2024-04-06,0.9147923246503402
2024-04-13,0.9167035145119087
2024-04-20,0.9397730082196019
2024-04-27,0.9628425019272953
2024-05-04,0.9859119956349884
2024-05-11,1.0089814893426816
2024-05-18,1.0018087519685144
2024-05-25,0.9895956427473703
2024-06-01,0.9773825335262261
2024-06-08,0.965169424305082
2024-06-15,0.9562068829715946
2024-06-22,0.9515784321549828
2024-06-29,0.946949981338371
2024-07-06,0.9423215305217594
2024-07-13,0.9404321968286211
2024-07-20,0.9549775658763232
2024-07-27,0.9695229349240254
2024-08-03,0.9840683039717275
2024-08-10,0.9986136730194297
2024-08-17,0.9826861100264573
2024-08-24,0.9545693742172151
2024-08-31,0.9264526384079728
2024-09-07,0.8983359025987305
2024-09-14,0.8817094650122596
2024-09-21,0.893808772982717
2024-09-28,0.9059080809531743
2024-10-05,0.9180073889236318
2024-10-12,0.9301066968940891
2024-10-19,0.9759259026992456
2024-10-26,1.021745108504402
2024-11-02,1.0675643143095586
2024-11-09,1.1133835201147149
2024-11-16,1.1849638485113163
2024-11-23,1.2758650188515015
2024-11-30,1.3667661891916867
2024-12-07,1.4576673595318717
2024-12-14,1.4723056823027905
2024-12-21,1.2962868861505439
2024-12-28,1.1202680899982975
2025-01-04,0.9442492938460508
2025-01-11,0.7682304976938042
2025-01-18,0.7690864103922338
2025-01-25,0.799421441232443
2025-02-01,0.8297564720726519
2025-02-08,0.8600915029128609
2025-02-15,0.8840214910673933
2025-02-22,0.9031476972076682
2025-03-01,0.9222739033479429
2025-03-08,0.941400109488218
2025-03-15,0.9546300979613128
2025-03-22,0.9599984628781678
2025-03-29,0.9653668277950228
2025-04-05,0.9707351927118777
2025-04-12,0.9761035576287327
2025-04-19,0.9970974502612063
2025-04-26,1.0180913428936798
2025-05-03,1.0390852355261533
2025-05-10,1.0600791281586268
2025-05-17,1.0530737156977092
2025-05-24,1.0348685811994354
2025-05-31,1.0166634467011613
2025-06-07,0.9984583122028872
2025-06-14,0.9876475533232962
2025-06-21,0.995322733490413
2025-06-28,1.0029979136575298
2025-07-05,1.0106730938246464
2025-07-12,1.018348273991763
2025-07-19,1.0316693144059303
2025-07-26,1.0449903548200972
2025-08-02,1.0583113952342644
2025-08-09,1.0716324356484312
2025-08-16,1.059844146292183
2025-08-23,1.0292238596081227
2025-08-30,0.9986035729240625
2025-09-06,0.9679832862400024
2025-09-13,0.9435960886539622
2025-09-20,0.9566074256560406
2025-09-27,0.9696187626581191
2025-10-04,0.9826300996601974
2025-10-11,0.995641436662276
2025-10-18,1.0393545016052048
2025-10-25,1.088184521204942
2025-11-01,1.137014540804679
2025-11-08,1.185844560404416
2025-11-15,1.2524370265013374
2025-11-22,1.342712754594504
2025-11-29,1.4329884826876704
2025-12-06,1.523264210780837
2025-12-13,1.574287084256686
2025-12-20,1.3897928300286293
2025-12-27,1.205298575800573
2026-01-03,1.0208043215725167
2026-01-10,0.8363100673444601
2026-01-17,0.8109489302312708
2026-01-24,0.8492410399640281
2026-01-31,0.8875331496967854
2026-02-07,0.9258252594295429
2026-02-14,0.9550932382409033
2026-02-21,0.9723290424904012
2026-02-28,0.9895648467398993
2026-03-07,1.0068006509893972
2026-03-14,1.0192136797240787
2026-03-21,1.0195697696717196
2026-03-28,1.0199258596193603
2026-04-04,1.0202819495670012
2026-04-11,1.0206380395146422
2026-04-18,1.040167731722916
2026-04-25,1.0628930243079626
2026-05-02,1.0856183168930087
2026-05-09,1.108343609478055
2026-05-16,1.1076848492335143
2026-05-23,1.0894880493667831
2026-05-30,1.071291249500052
2026-06-06,1.0530944496333208
2026-06-13,1.0384893216880293
2026-06-20,1.0454342252713766
2026-06-27,1.0523791288547235
2026-07-04,1.0593240324380708
2026-07-11,1.066268936021418
2026-07-18,1.0672610651047532
2026-07-25,1.0672610651047532
