model,pool_point_id,wape,bias
Seasonal naive,PP01,0.052131537906880465,0.031636437981449626
Seasonal naive,PP02,0.031590614526614456,0.00538755957959003
Seasonal naive,PP03,0.038020460540543866,0.00115614819762742
Seasonal naive,PP04,0.03776079250397853,0.0184334190447294
Seasonal naive,PP05,0.04210540086861448,0.00708889722093051
Seasonal naive,PP06,0.06356312071099589,0.008196790030010746
Seasonal naive,PP07,0.037298159301228644,0.010275133164220435
Seasonal naive,PP08,0.028575649581753387,0.004007453141434734
Seasonal index,PP01,0.04934983590759497,0.040325467833147464
Seasonal index,PP02,0.030496352765313556,0.01659839862431186
Seasonal index,PP03,0.0465828734106389,0.025183566266273053
Seasonal index,PP04,0.03454458085855324,0.015951816135527406
Seasonal index,PP05,0.05066905791602495,0.03695582635572472
Seasonal index,PP06,0.048375885005064935,0.03081809275811981
Seasonal index,PP07,0.03590705713492671,0.025122227965901505
Seasonal index,PP08,0.032786077383850115,0.02639251848980761
Holt-Winters,PP01,0.038798993564379915,0.02570029603628553
Holt-Winters,PP02,0.028146818952156673,-0.00022279664991347009
Holt-Winters,PP03,0.036655236049775,0.022910715539365804
Holt-Winters,PP04,0.031001688667548488,0.005923181987414143
Holt-Winters,PP05,0.039016944225316895,0.01107499268975593
Holt-Winters,PP06,0.04671815570927998,0.010744549350482987
Holt-Winters,PP07,0.033816745190001656,-0.014255982786266013
Holt-Winters,PP08,0.024209753623712454,0.009744183623064884
