carrier_id,week_ending,lanes,forecast_pallets,high_pallets,trailers_forecast,trailers_high,contracted_trailers,extra_trailers_needed,carrier_name
CARR-A,2026-08-01,2,490.0,502.1,26,26,30,0,Carrier A
CARR-A,2026-08-08,2,501.5,513.9,27,27,30,0,Carrier A
CARR-A,2026-08-15,2,483.0,495.0,25,26,30,0,Carrier A
CARR-A,2026-08-22,2,477.8,489.6,25,26,30,0,Carrier A
CARR-A,2026-08-29,2,463.29999999999995,474.8,25,25,30,0,Carrier A
CARR-A,2026-09-05,2,460.5,471.8,24,25,30,0,Carrier A
CARR-A,2026-09-12,2,447.6,458.6,23,24,30,0,Carrier A
CARR-A,2026-09-19,2,449.4,460.4,23,25,30,0,Carrier A
CARR-A,2026-09-26,2,452.2,463.4,23,25,30,0,Carrier A
CARR-A,2026-10-03,2,452.4,463.6,24,25,30,0,Carrier A
CARR-A,2026-10-10,2,466.7,478.20000000000005,25,25,30,0,Carrier A
CARR-A,2026-10-17,2,485.9,497.79999999999995,25,27,30,0,Carrier A
CARR-A,2026-10-24,2,508.3,520.9000000000001,27,27,30,0,Carrier A
CARR-A,2026-10-31,2,522.2,535.0,27,28,30,0,Carrier A
CARR-A,2026-11-07,2,556.5,570.2,29,29,30,0,Carrier A
CARR-A,2026-11-14,2,605.8,620.8,31,32,30,2,Carrier A
CARR-A,2026-11-21,2,650.4,666.4,34,34,30,4,Carrier A
CARR-A,2026-11-28,2,685.1,701.9,35,37,30,7,Carrier A
CARR-A,2026-12-05,2,725.0999999999999,742.9000000000001,37,39,30,9,Carrier A
CARR-A,2026-12-12,2,717.2,734.9000000000001,37,38,30,8,Carrier A
CARR-A,2026-12-19,2,626.7,642.2,33,33,30,3,Carrier A
CARR-A,2026-12-26,2,531.0999999999999,544.1,27,29,30,0,Carrier A
CARR-A,2027-01-02,2,454.8,466.0,24,25,30,0,Carrier A
CARR-A,2027-01-09,2,376.1,385.4,20,21,30,0,Carrier A
CARR-A,2027-01-16,2,372.2,381.4,19,21,30,0,Carrier A
CARR-A,2027-01-23,2,393.7,403.4,21,21,30,0,Carrier A
CARR-B,2026-08-01,2,558.1,571.8,29,30,31,0,Carrier B
CARR-B,2026-08-08,2,557.2,570.9,29,30,31,0,Carrier B
CARR-B,2026-08-15,2,547.5,561.0,29,30,31,0,Carrier B
CARR-B,2026-08-22,2,543.0,556.4000000000001,29,29,31,0,Carrier B
CARR-B,2026-08-29,2,525.3,538.2,27,28,31,0,Carrier B
CARR-B,2026-09-05,2,502.3,514.7,27,27,31,0,Carrier B
CARR-B,2026-09-12,2,490.2,502.3,26,27,31,0,Carrier B
CARR-B,2026-09-19,2,510.0,522.5999999999999,27,27,31,0,Carrier B
CARR-B,2026-09-26,2,509.5,522.1,27,27,31,0,Carrier B
CARR-B,2026-10-03,2,508.3,520.7,27,27,31,0,Carrier B
CARR-B,2026-10-10,2,520.4000000000001,533.2,27,28,31,0,Carrier B
CARR-B,2026-10-17,2,541.1,554.4000000000001,29,29,31,0,Carrier B
CARR-B,2026-10-24,2,572.8,586.9,30,31,31,1,Carrier B
CARR-B,2026-10-31,2,595.8,610.5,32,32,31,1,Carrier B
CARR-B,2026-11-07,2,618.2,633.4000000000001,32,33,31,2,Carrier B
CARR-B,2026-11-14,2,682.3,699.2,36,36,31,5,Carrier B
CARR-B,2026-11-21,2,705.2,722.6,36,38,31,7,Carrier B
CARR-B,2026-11-28,2,769.6,788.5,40,41,31,10,Carrier B
CARR-B,2026-12-05,2,815.7,835.9000000000001,42,43,31,12,Carrier B
CARR-B,2026-12-12,2,809.9000000000001,829.9,42,43,31,12,Carrier B
CARR-B,2026-12-19,2,714.0,731.6,38,38,31,7,Carrier B
CARR-B,2026-12-26,2,613.0,628.0,32,32,31,1,Carrier B
CARR-B,2027-01-02,2,515.0,527.7,27,28,31,0,Carrier B
CARR-B,2027-01-09,2,422.79999999999995,433.20000000000005,22,23,31,0,Carrier B
CARR-B,2027-01-16,2,427.29999999999995,437.9,22,23,31,0,Carrier B
CARR-B,2027-01-23,2,447.20000000000005,458.3,24,24,31,0,Carrier B
CARR-C,2026-08-01,2,551.0,564.5,29,29,32,0,Carrier C
CARR-C,2026-08-08,2,545.8,559.3,29,29,32,0,Carrier C
CARR-C,2026-08-15,2,542.7,556.2,29,29,32,0,Carrier C
CARR-C,2026-08-22,2,528.0,541.0,27,28,32,0,Carrier C
CARR-C,2026-08-29,2,505.9,518.3,26,27,32,0,Carrier C
CARR-C,2026-09-05,2,497.9,510.1,26,27,32,0,Carrier C
CARR-C,2026-09-12,2,498.70000000000005,511.0,26,26,32,0,Carrier C
CARR-C,2026-09-19,2,500.20000000000005,512.5,26,27,32,0,Carrier C
CARR-C,2026-09-26,2,506.4,518.9,26,27,32,0,Carrier C
CARR-C,2026-10-03,2,515.3,528.0,26,28,32,0,Carrier C
CARR-C,2026-10-10,2,523.2,536.0,27,28,32,0,Carrier C
CARR-C,2026-10-17,2,557.5,571.3,29,30,32,0,Carrier C
CARR-C,2026-10-24,2,582.2,596.5999999999999,31,31,32,0,Carrier C
CARR-C,2026-10-31,2,595.2,609.8,31,32,32,0,Carrier C
CARR-C,2026-11-07,2,621.2,636.4,32,33,32,1,Carrier C
CARR-C,2026-11-14,2,670.9000000000001,687.5,35,35,32,3,Carrier C
CARR-C,2026-11-21,2,722.4000000000001,740.2,38,38,32,6,Carrier C
CARR-C,2026-11-28,2,779.9,799.2,40,41,32,9,Carrier C
CARR-C,2026-12-05,2,825.3,845.6,43,43,32,11,Carrier C
CARR-C,2026-12-12,2,829.3,849.5999999999999,43,43,32,11,Carrier C
CARR-C,2026-12-19,2,718.8,736.5999999999999,37,38,32,6,Carrier C
CARR-C,2026-12-26,2,617.2,632.3,32,33,32,1,Carrier C
CARR-C,2027-01-02,2,512.6,525.2,27,27,32,0,Carrier C
CARR-C,2027-01-09,2,432.2,442.8,23,23,32,0,Carrier C
CARR-C,2027-01-16,2,430.29999999999995,440.9,22,23,32,0,Carrier C
CARR-C,2027-01-23,2,455.0,466.2,24,24,32,0,Carrier C
CARR-D,2026-08-01,2,519.0,531.8,28,28,30,0,Carrier D
CARR-D,2026-08-08,2,529.9,542.9,28,28,30,0,Carrier D
CARR-D,2026-08-15,2,527.1,540.0999999999999,28,28,30,0,Carrier D
CARR-D,2026-08-22,2,505.29999999999995,517.8,26,28,30,0,Carrier D
CARR-D,2026-08-29,2,493.9,506.1,26,26,30,0,Carrier D
CARR-D,2026-09-05,2,482.70000000000005,494.6,26,26,30,0,Carrier D
CARR-D,2026-09-12,2,475.5,487.2,25,26,30,0,Carrier D
CARR-D,2026-09-19,2,486.7,498.8,26,26,30,0,Carrier D
CARR-D,2026-09-26,2,484.4,496.4,26,26,30,0,Carrier D
CARR-D,2026-10-03,2,486.6,498.59999999999997,26,26,30,0,Carrier D
CARR-D,2026-10-10,2,496.0,508.3,26,26,30,0,Carrier D
CARR-D,2026-10-17,2,526.4,539.4,28,28,30,0,Carrier D
CARR-D,2026-10-24,2,546.6,560.0999999999999,29,29,30,1,Carrier D
CARR-D,2026-10-31,2,568.0,581.9000000000001,30,30,30,1,Carrier D
CARR-D,2026-11-07,2,602.6,617.4,32,32,30,2,Carrier D
CARR-D,2026-11-14,2,642.8,658.6,33,34,30,4,Carrier D
CARR-D,2026-11-21,2,680.6,697.4000000000001,35,36,30,6,Carrier D
CARR-D,2026-11-28,2,753.4,772.0,38,40,30,10,Carrier D
CARR-D,2026-12-05,2,786.0999999999999,805.4,40,42,30,12,Carrier D
CARR-D,2026-12-12,2,781.9,801.1,40,42,30,12,Carrier D
CARR-D,2026-12-19,2,701.6,718.9,36,37,30,7,Carrier D
CARR-D,2026-12-26,2,597.0,611.7,31,32,30,2,Carrier D
CARR-D,2027-01-02,2,496.3,508.6,26,27,30,0,Carrier D
CARR-D,2027-01-09,2,402.9,412.8,21,21,30,0,Carrier D
CARR-D,2027-01-16,2,415.6,425.79999999999995,22,23,30,0,Carrier D
CARR-D,2027-01-23,2,437.8,448.7,23,23,30,0,Carrier D
