week_ending,pool_point_id,base_forecast_pallets,new_store_pallets,forecast_pallets,low_pallets,high_pallets,p90_pallets
2026-08-01,PP01,240.5,0.0,240.5,225.9,246.5,251.3
2026-08-08,PP01,253.3,0.0,253.3,237.9,259.5,264.7
2026-08-15,PP01,236.6,0.0,236.6,222.3,242.5,247.3
2026-08-22,PP01,236.0,0.0,236.0,221.7,241.8,246.6
2026-08-29,PP01,230.6,0.0,230.6,216.6,236.3,241.0
2026-09-05,PP01,228.7,0.0,228.7,214.8,234.3,239.0
2026-09-12,PP01,226.8,0.0,226.8,213.0,232.4,236.9
2026-09-19,PP01,228.4,0.0,228.4,214.5,234.0,238.7
2026-09-26,PP01,230.1,0.0,230.1,216.1,235.8,240.4
2026-10-03,PP01,224.8,0.0,224.8,211.1,230.4,234.9
2026-10-10,PP01,236.6,0.0,236.6,222.2,242.4,247.2
2026-10-17,PP01,243.6,0.0,243.6,228.8,249.6,254.5
2026-10-24,PP01,255.8,0.0,255.8,240.2,262.1,267.2
2026-10-31,PP01,264.6,0.0,264.6,248.5,271.1,276.5
2026-11-07,PP01,276.8,0.0,276.8,260.0,283.6,289.2
2026-11-14,PP01,306.6,0.0,306.6,288.0,314.2,320.4
2026-11-21,PP01,331.7,0.0,331.7,311.5,339.9,346.6
2026-11-28,PP01,341.6,0.0,341.6,320.9,350.0,356.9
2026-12-05,PP01,362.4,0.0,362.4,340.4,371.3,378.6
2026-12-12,PP01,361.7,0.0,361.7,339.7,370.6,377.9
2026-12-19,PP01,314.3,0.0,314.3,295.2,322.1,328.4
2026-12-26,PP01,268.4,0.0,268.4,252.1,275.0,280.4
2027-01-02,PP01,228.3,0.0,228.3,214.4,233.9,238.5
2027-01-09,PP01,194.0,0.0,194.0,182.2,198.8,202.7
2027-01-16,PP01,187.5,0.0,187.5,176.1,192.1,195.9
2027-01-23,PP01,197.0,0.0,197.0,185.0,201.9,205.8
2026-08-01,PP02,249.5,0.0,249.5,234.3,255.6,260.6
2026-08-08,PP02,248.2,0.0,248.2,233.1,254.4,259.4
2026-08-15,PP02,246.4,0.0,246.4,231.4,252.5,257.4
2026-08-22,PP02,241.8,0.0,241.8,227.1,247.8,252.7
2026-08-29,PP02,232.7,0.0,232.7,218.6,238.5,243.1
2026-09-05,PP02,231.8,0.0,231.8,217.7,237.5,242.2
2026-09-12,PP02,220.8,0.0,220.8,207.4,226.2,230.7
2026-09-19,PP02,221.0,0.0,221.0,207.5,226.4,230.9
2026-09-26,PP02,222.1,0.0,222.1,208.6,227.6,232.0
2026-10-03,PP02,227.6,0.0,227.6,213.7,233.2,237.7
2026-10-10,PP02,230.1,0.0,230.1,216.1,235.8,240.4
2026-10-17,PP02,242.3,0.0,242.3,227.5,248.2,253.1
2026-10-24,PP02,252.5,0.0,252.5,237.2,258.8,263.9
2026-10-31,PP02,257.6,0.0,257.6,241.9,263.9,269.1
2026-11-07,PP02,279.7,0.0,279.7,262.7,286.6,292.3
2026-11-14,PP02,299.2,0.0,299.2,281.0,306.6,312.6
2026-11-21,PP02,318.7,0.0,318.7,299.3,326.5,333.0
2026-11-28,PP02,343.5,0.0,343.5,322.6,351.9,358.8
2026-12-05,PP02,362.7,0.0,362.7,340.7,371.6,379.0
2026-12-12,PP02,355.5,0.0,355.5,333.9,364.3,371.5
2026-12-19,PP02,312.4,0.0,312.4,293.4,320.1,326.4
2026-12-26,PP02,262.7,0.0,262.7,246.7,269.1,274.4
2027-01-02,PP02,226.5,0.0,226.5,212.7,232.1,236.6
2027-01-09,PP02,182.1,0.0,182.1,171.0,186.6,190.3
2027-01-16,PP02,184.7,0.0,184.7,173.5,189.3,193.0
2027-01-23,PP02,196.7,0.0,196.7,184.7,201.5,205.5
2026-08-01,PP03,329.3,0.0,329.3,309.3,337.4,344.1
2026-08-08,PP03,331.1,0.0,331.1,310.9,339.2,345.9
2026-08-15,PP03,328.7,0.0,328.7,308.7,336.8,343.4
2026-08-22,PP03,321.2,0.0,321.2,301.6,329.1,335.6
2026-08-29,PP03,313.6,0.0,313.6,294.5,321.3,327.7
2026-09-05,PP03,296.0,0.0,296.0,278.0,303.3,309.3
2026-09-12,PP03,287.9,0.0,287.9,270.4,295.0,300.8
2026-09-19,PP03,305.4,0.0,305.4,286.8,312.9,319.1
2026-09-26,PP03,303.5,0.0,303.5,285.1,311.0,317.1
2026-10-03,PP03,298.5,0.0,298.5,280.3,305.8,311.9
2026-10-10,PP03,311.1,0.0,311.1,292.2,318.8,325.1
2026-10-17,PP03,319.3,0.0,319.3,299.8,327.1,333.6
2026-10-24,PP03,340.9,0.0,340.9,320.2,349.3,356.2
2026-10-31,PP03,358.1,0.0,358.1,336.3,366.9,374.1
2026-11-07,PP03,364.1,0.0,364.1,342.0,373.1,380.4
2026-11-14,PP03,398.8,0.0,398.8,374.6,408.7,416.7
2026-11-21,PP03,415.7,0.0,415.7,390.4,426.0,434.3
2026-11-28,PP03,445.8,0.0,445.8,418.7,456.7,465.7
2026-12-05,PP03,479.2,0.0,479.2,450.1,491.1,500.7
2026-12-12,PP03,479.6,0.0,479.6,450.5,491.5,501.1
2026-12-19,PP03,422.1,0.0,422.1,396.4,432.5,441.0
2026-12-26,PP03,366.6,0.0,366.6,344.3,375.6,383.0
2027-01-02,PP03,310.6,0.0,310.6,291.7,318.2,324.5
2027-01-09,PP03,250.6,0.0,250.6,235.4,256.8,261.8
2027-01-16,PP03,250.6,0.0,250.6,235.4,256.8,261.8
2027-01-23,PP03,262.3,0.0,262.3,246.4,268.8,274.1
2026-08-01,PP04,236.1,0.0,236.1,221.7,241.9,246.7
2026-08-08,PP04,239.1,0.0,239.1,224.5,245.0,249.8
2026-08-15,PP04,236.5,0.0,236.5,222.1,242.4,247.1
2026-08-22,PP04,231.2,0.0,231.2,217.1,236.8,241.5
2026-08-29,PP04,224.4,0.0,224.4,210.7,229.9,234.4
2026-09-05,PP04,217.1,0.0,217.1,203.9,222.4,226.8
2026-09-12,PP04,213.8,7.3,221.1,207.6,226.5,231.0
2026-09-19,PP04,212.3,8.0,220.4,207.0,225.8,230.3
2026-09-26,PP04,217.4,9.0,226.4,212.7,232.0,236.6
2026-10-03,PP04,222.3,9.9,232.3,218.1,238.0,242.7
2026-10-10,PP04,220.8,10.7,231.4,217.4,237.1,241.8
2026-10-17,PP04,239.4,12.5,251.9,236.6,258.1,263.2
2026-10-24,PP04,242.7,13.4,256.1,240.5,262.4,267.6
2026-10-31,PP04,252.8,15.0,267.8,251.5,274.4,279.8
2026-11-07,PP04,260.9,16.2,277.1,260.2,283.9,289.5
2026-11-14,PP04,282.3,17.8,300.1,281.8,307.5,313.5
2026-11-21,PP04,310.2,19.4,329.6,309.6,337.7,344.4
2026-11-28,PP04,333.5,21.2,354.7,333.1,363.5,370.6
2026-12-05,PP04,347.9,21.8,369.7,347.2,378.8,386.3
2026-12-12,PP04,353.9,22.6,376.5,353.6,385.7,393.3
2026-12-19,PP04,300.9,19.1,320.0,300.6,327.9,334.4
2026-12-26,PP04,261.5,16.8,278.3,261.4,285.1,290.8
2027-01-02,PP04,220.8,14.1,234.8,220.6,240.6,245.4
2027-01-09,PP04,186.1,11.6,197.7,185.6,202.5,206.5
2027-01-16,PP04,181.2,11.4,192.6,180.9,197.3,201.2
2027-01-23,PP04,191.4,12.1,203.5,191.1,208.5,212.6
2026-08-01,PP05,314.9,0.0,314.9,295.7,322.6,329.0
2026-08-08,PP05,306.7,0.0,306.7,288.1,314.3,320.5
2026-08-15,PP05,306.2,0.0,306.2,287.6,313.8,319.9
2026-08-22,PP05,296.8,0.0,296.8,278.8,304.2,310.1
2026-08-29,PP05,281.5,0.0,281.5,264.4,288.4,294.1
2026-09-05,PP05,280.8,0.0,280.8,263.7,287.7,293.3
2026-09-12,PP05,277.6,0.0,277.6,260.8,284.5,290.1
2026-09-19,PP05,279.8,0.0,279.8,262.8,286.7,292.4
2026-09-26,PP05,280.0,0.0,280.0,263.0,286.9,292.6
2026-10-03,PP05,283.0,0.0,283.0,265.8,290.0,295.7
2026-10-10,PP05,291.8,0.0,291.8,274.0,298.9,304.8
2026-10-17,PP05,305.6,0.0,305.6,287.0,313.2,319.3
2026-10-24,PP05,326.1,0.0,326.1,306.3,334.2,340.8
2026-10-31,PP05,327.4,0.0,327.4,307.5,335.4,342.1
2026-11-07,PP05,344.1,0.0,344.1,323.1,352.5,359.5
2026-11-14,PP05,370.8,0.0,370.8,348.3,380.0,387.5
2026-11-21,PP05,392.8,0.0,392.8,368.9,402.5,410.4
2026-11-28,PP05,425.2,0.0,425.2,399.3,435.7,444.2
2026-12-05,PP05,455.6,0.0,455.6,427.9,466.8,476.0
2026-12-12,PP05,452.8,0.0,452.8,425.2,463.9,473.1
2026-12-19,PP05,398.8,0.0,398.8,374.6,408.7,416.7
2026-12-26,PP05,338.9,0.0,338.9,318.3,347.2,354.1
2027-01-02,PP05,277.8,0.0,277.8,260.9,284.6,290.2
2027-01-09,PP05,234.5,0.0,234.5,220.3,240.3,245.0
2027-01-16,PP05,237.7,0.0,237.7,223.3,243.6,248.4
2027-01-23,PP05,251.5,0.0,251.5,236.2,257.7,262.7
2026-08-01,PP06,281.1,0.0,281.1,264.0,288.1,293.7
2026-08-08,PP06,288.3,0.0,288.3,270.8,295.4,301.2
2026-08-15,PP06,289.8,0.0,289.8,272.1,296.9,302.8
2026-08-22,PP06,274.7,0.0,274.7,258.0,281.5,287.0
2026-08-29,PP06,271.8,0.0,271.8,255.3,278.5,284.0
2026-09-05,PP06,261.8,0.0,261.8,245.9,268.3,273.5
2026-09-12,PP06,255.7,0.0,255.7,240.1,262.0,267.1
2026-09-19,PP06,266.7,0.0,266.7,250.5,273.3,278.7
2026-09-26,PP06,263.2,0.0,263.2,247.2,269.7,275.0
2026-10-03,PP06,266.8,0.0,266.8,250.6,273.4,278.8
2026-10-10,PP06,267.4,0.0,267.4,251.2,274.0,279.4
2026-10-17,PP06,283.4,0.0,283.4,266.2,290.4,296.1
2026-10-24,PP06,290.0,0.0,290.0,272.4,297.2,303.0
2026-10-31,PP06,308.1,0.0,308.1,289.3,315.6,321.9
2026-11-07,PP06,321.5,0.0,321.5,301.9,329.4,335.9
2026-11-14,PP06,339.2,0.0,339.2,318.5,347.5,354.4
2026-11-21,PP06,355.8,0.0,355.8,334.2,364.6,371.8
2026-11-28,PP06,399.7,0.0,399.7,375.4,409.6,417.7
2026-12-05,PP06,412.9,0.0,412.9,387.8,423.0,431.4
2026-12-12,PP06,411.2,0.0,411.2,386.2,421.3,429.6
2026-12-19,PP06,369.1,0.0,369.1,346.6,378.2,385.6
2026-12-26,PP06,312.6,0.0,312.6,293.6,320.3,326.6
2027-01-02,PP06,265.0,0.0,265.0,248.9,271.6,276.9
2027-01-09,PP06,214.2,0.0,214.2,201.1,219.4,223.8
2027-01-16,PP06,220.3,0.0,220.3,206.9,225.7,230.1
2027-01-23,PP06,229.9,0.0,229.9,216.0,235.6,240.2
2026-08-01,PP07,237.9,0.0,237.9,223.4,243.7,248.5
2026-08-08,PP07,241.6,0.0,241.6,226.9,247.5,252.4
2026-08-15,PP07,237.3,0.0,237.3,222.9,243.2,248.0
2026-08-22,PP07,230.6,0.0,230.6,216.6,236.3,240.9
2026-08-29,PP07,222.1,0.0,222.1,208.6,227.6,232.1
2026-09-05,PP07,220.9,0.0,220.9,207.4,226.3,230.8
2026-09-12,PP07,219.8,0.0,219.8,206.5,225.2,229.7
2026-09-19,PP07,220.0,0.0,220.0,206.7,225.5,229.9
2026-09-26,PP07,221.2,0.0,221.2,207.8,226.7,231.1
2026-10-03,PP07,219.8,0.0,219.8,206.4,225.2,229.6
2026-10-10,PP07,228.6,0.0,228.6,214.7,234.3,238.9
2026-10-17,PP07,234.6,8.4,243.0,228.3,249.0,253.9
2026-10-24,PP07,247.0,9.6,256.6,241.0,262.9,268.1
2026-10-31,PP07,249.3,10.6,259.9,244.1,266.3,271.5
2026-11-07,PP07,268.6,12.5,281.1,264.0,288.0,293.7
2026-11-14,PP07,289.1,14.5,303.6,285.2,311.1,317.2
2026-11-21,PP07,308.7,16.2,324.8,305.1,332.8,339.4
2026-11-28,PP07,334.8,18.9,353.7,332.2,362.4,369.6
2026-12-05,PP07,352.1,21.1,373.2,350.5,382.4,389.9
2026-12-12,PP07,348.3,22.4,370.7,348.2,379.8,387.3
2026-12-19,PP07,312.1,20.3,332.5,312.3,340.7,347.4
2026-12-26,PP07,266.9,17.4,284.4,267.1,291.4,297.1
2027-01-02,PP07,217.4,13.9,231.3,217.2,237.0,241.7
2027-01-09,PP07,177.4,11.3,188.7,177.2,193.4,197.2
2027-01-16,PP07,183.8,11.5,195.3,183.5,200.1,204.1
2027-01-23,PP07,195.5,12.4,207.9,195.3,213.1,217.3
2026-08-01,PP08,228.8,0.0,228.8,214.9,234.4,239.1
2026-08-08,PP08,226.1,0.0,226.1,212.4,231.7,236.3
2026-08-15,PP08,218.8,0.0,218.8,205.5,224.2,228.6
2026-08-22,PP08,221.8,0.0,221.8,208.3,227.3,231.8
2026-08-29,PP08,211.7,0.0,211.7,198.8,216.9,221.2
2026-09-05,PP08,206.3,0.0,206.3,193.8,211.4,215.5
2026-09-12,PP08,202.3,0.0,202.3,190.0,207.3,211.4
2026-09-19,PP08,204.6,0.0,204.6,192.2,209.7,213.8
2026-09-26,PP08,206.0,0.0,206.0,193.5,211.1,215.3
2026-10-03,PP08,209.8,0.0,209.8,197.0,214.9,219.2
2026-10-10,PP08,209.3,0.0,209.3,196.5,214.4,218.6
2026-10-17,PP08,221.8,0.0,221.8,208.3,227.3,231.8
2026-10-24,PP08,231.9,0.0,231.9,217.8,237.6,242.3
2026-10-31,PP08,237.7,0.0,237.7,223.3,243.6,248.4
2026-11-07,PP08,254.1,0.0,254.1,238.6,260.3,265.4
2026-11-14,PP08,283.5,0.0,283.5,266.3,290.5,296.2
2026-11-21,PP08,289.5,0.0,289.5,271.9,296.6,302.5
2026-11-28,PP08,323.8,0.0,323.8,304.1,331.8,338.3
2026-12-05,PP08,336.5,0.0,336.5,316.0,344.8,351.6
2026-12-12,PP08,330.3,0.0,330.3,310.2,338.4,345.1
2026-12-19,PP08,291.9,0.0,291.9,274.1,299.1,304.9
2026-12-26,PP08,246.4,0.0,246.4,231.4,252.4,257.4
2027-01-02,PP08,204.4,0.0,204.4,192.0,209.5,213.6
2027-01-09,PP08,172.2,0.0,172.2,161.7,176.4,179.9
2027-01-16,PP08,176.7,0.0,176.7,166.0,181.1,184.6
2027-01-23,PP08,184.9,0.0,184.9,173.7,189.5,193.2
