store_id,pool_point_id,market,size_tier,delivery_days,pallet_max,forecast_pallets,planned_pallets,backlog_pallets
S1001,PP01,Albany,Large,Tue/Thu/Fri/Sat,7,38.9,28,11
S1002,PP01,Albany,Large,Tue/Thu/Fri/Sat,13,33.6,34,0
S1003,PP01,Albany,Medium,Wed/Fri/Sat,14,25.6,26,0
S1004,PP01,Albany,Large,Mon/Wed/Fri/Sat,13,36.8,37,0
S1005,PP01,Albany,Small,Mon/Thu/Sat,9,16.1,16,0
S1006,PP01,Albany,Medium,Tue/Fri/Sat,12,20.6,21,0
S1007,PP01,Albany,Small,Wed/Fri/Sat,9,15.5,16,0
S1008,PP01,Albany,Medium,Mon/Thu/Sat,17,30.4,30,0
S1009,PP01,Albany,Medium,Mon/Wed/Fri/Sat,9,24.1,24,0
S1010,PP01,Albany,Small,Mon/Thu/Sat,9,15.6,16,0
S1011,PP01,Albany,Large,Mon/Wed/Fri/Sat,10,28.4,28,0
S1012,PP01,Albany,Large,Mon/Wed/Fri/Sat,13,34.6,35,0
S1013,PP01,Albany,Medium,Tue/Thu/Fri/Sat,9,23.8,24,0
S1014,PP01,Albany,Medium,Mon/Thu/Sat,10,18.6,19,0
S1015,PP02,Hartford,Small,Tue/Fri/Sat,10,19.5,20,0
S1016,PP02,Hartford,Medium,Tue/Fri/Sat,10,17.0,17,0
S1017,PP02,Hartford,Medium,Tue/Thu/Fri/Sat,9,25.2,25,0
S1018,PP02,Hartford,Small,Wed/Fri/Sat,8,14.2,14,0
S1019,PP02,Hartford,Small,Wed/Fri/Sat,9,16.0,16,0
S1020,PP02,Hartford,Medium,Wed/Fri/Sat,12,21.1,21,0
S1021,PP02,Hartford,Large,Tue/Thu/Fri/Sat,12,31.5,32,0
S1022,PP02,Hartford,Medium,Mon/Wed/Fri/Sat,9,25.0,25,0
S1023,PP02,Hartford,Small,Tue/Fri/Sat,9,15.8,16,0
S1024,PP02,Hartford,Medium,Tue/Fri/Sat,12,22.8,23,0
S1025,PP02,Hartford,Small,Tue/Fri,6,12.3,12,0
S1026,PP02,Hartford,Small,Wed/Fri/Sat,10,17.0,17,0
S1027,PP02,Hartford,Medium,Mon/Wed/Fri/Sat,8,19.7,20,0
S1028,PP02,Hartford,Medium,Mon/Thu/Sat,10,18.6,19,0
S1029,PP02,Hartford,Small,Mon/Thu/Sat,7,11.8,12,0
S1030,PP02,Hartford,Medium,Wed/Fri/Sat,13,23.5,24,0
S1031,PP02,Hartford,Small,Wed/Fri/Sat,9,15.1,15,0
S1032,PP02,Hartford,Medium,Mon/Wed/Fri/Sat,9,23.8,24,0
S1033,PP02,Hartford,Small,Wed/Fri/Sat,8,12.9,13,0
S1034,PP03,Worcester,Medium,Tue/Fri/Sat,12,21.3,21,0
S1035,PP03,Worcester,Small,Tue/Fri/Sat,10,18.8,19,0
S1036,PP03,Worcester,Large,Tue/Thu/Fri/Sat,10,29.1,29,0
S1037,PP03,Worcester,Medium,Tue/Fri/Sat,12,20.9,21,0
S1038,PP03,Worcester,Large,Tue/Thu/Fri/Sat,12,33.2,33,0
S1039,PP03,Worcester,Small,Mon/Thu/Sat,8,13.5,14,0
S1040,PP03,Worcester,Medium,Mon/Wed/Fri/Sat,9,22.9,23,0
S1041,PP03,Worcester,Small,Mon/Thu/Sat,8,13.0,13,0
S1042,PP03,Worcester,Large,Tue/Thu/Fri/Sat,14,37.1,37,0
S1043,PP03,Worcester,Large,Tue/Thu/Fri/Sat,13,35.1,35,0
S1044,PP03,Worcester,Large,Tue/Thu/Fri/Sat,13,35.5,36,0
S1045,PP03,Worcester,Large,Mon/Wed/Fri/Sat,13,34.3,34,0
S1046,PP03,Worcester,Large,Mon/Wed/Fri/Sat,12,32.4,32,0
S1047,PP03,Worcester,Medium,Tue/Fri/Sat,12,20.7,21,0
S1048,PP03,Worcester,Medium,Wed/Fri/Sat,13,22.8,23,0
S1049,PP03,Worcester,Large,Mon/Wed/Fri/Sat,12,32.0,32,0
S1050,PP03,Worcester,Medium,Wed/Fri/Sat,10,18.6,19,0
S1051,PP03,Worcester,Medium,Tue/Thu/Fri/Sat,8,22.1,22,0
S1052,PP03,Worcester,Small,Wed/Fri/Sat,9,15.9,16,0
S1053,PP04,Harrisburg,Medium,Tue/Thu/Fri/Sat,8,19.4,19,0
S1054,PP04,Harrisburg,Medium,Tue/Thu/Fri/Sat,9,22.1,22,0
S1055,PP04,Harrisburg,Medium,Tue/Fri/Sat,12,22.2,22,0
S1056,PP04,Harrisburg,Small,Tue/Fri/Sat,8,12.7,13,0
S1057,PP04,Harrisburg,Medium,Tue/Thu/Fri/Sat,8,19.2,19,0
S1058,PP04,Harrisburg,Large,Mon/Wed/Fri/Sat,17,46.2,46,0
S1059,PP04,Harrisburg,Medium,Tue/Thu/Fri/Sat,8,21.0,21,0
S1060,PP04,Harrisburg,Large,Mon/Wed/Fri/Sat,12,30.3,30,0
S1061,PP04,Harrisburg,Medium,Mon/Thu/Sat,12,21.6,22,0
S1062,PP04,Harrisburg,Medium,Tue/Fri/Sat,9,17.9,18,0
S1063,PP04,Harrisburg,Medium,Mon/Wed/Fri/Sat,10,30.1,30,0
S1064,PP04,Harrisburg,Medium,Mon/Thu/Sat,13,23.3,23,0
S1065,PP04,Harrisburg,Large,Mon/Wed/Fri/Sat,13,36.0,36,0
S1066,PP04,Harrisburg,Small,Tue/Fri/Sat,7,11.9,12,0
S1067,PP04,Harrisburg,Small,Mon/Thu/Sat,8,13.8,14,0
S1068,PP05,Pittsburgh,Medium,Tue/Fri/Sat,13,23.3,23,0
S1069,PP05,Pittsburgh,Large,Mon/Wed/Fri/Sat,13,35.4,35,0
S1070,PP05,Pittsburgh,Small,Mon/Thu/Sat,10,18.3,18,0
S1071,PP05,Pittsburgh,Small,Mon/Thu/Sat,7,12.3,12,0
S1072,PP05,Pittsburgh,Large,Tue/Thu/Fri/Sat,10,27.7,28,0
S1073,PP05,Pittsburgh,Large,Mon/Wed/Fri/Sat,10,30.5,31,0
S1074,PP05,Pittsburgh,Medium,Tue/Thu/Fri/Sat,8,20.9,21,0
S1075,PP05,Pittsburgh,Medium,Wed/Fri/Sat,15,27.9,28,0
S1076,PP05,Pittsburgh,Small,Tue/Fri/Sat,8,14.1,14,0
S1077,PP05,Pittsburgh,Medium,Tue/Fri/Sat,15,30.8,31,0
S1078,PP05,Pittsburgh,Medium,Mon/Wed/Fri/Sat,8,19.5,20,0
S1079,PP05,Pittsburgh,Large,Tue/Thu/Fri/Sat,15,44.4,44,0
S1080,PP05,Pittsburgh,Large,Mon/Wed/Fri/Sat,13,35.4,35,0
S1081,PP05,Pittsburgh,Medium,Mon/Wed/Fri/Sat,9,24.5,25,0
S1082,PP05,Pittsburgh,Medium,Wed/Fri/Sat,12,23.4,23,0
S1083,PP05,Pittsburgh,Medium,Wed/Fri/Sat,14,24.3,24,0
S1084,PP05,Pittsburgh,Large,Mon/Wed/Fri/Sat,15,42.8,43,0
S1085,PP06,Baltimore,Large,Tue/Thu/Fri/Sat,13,34.0,34,0
S1086,PP06,Baltimore,Small,Mon/Thu/Sat,9,15.1,15,0
S1087,PP06,Baltimore,Medium,Tue/Fri/Sat,13,24.0,24,0
S1088,PP06,Baltimore,Medium,Wed/Fri/Sat,9,16.8,17,0
S1089,PP06,Baltimore,Small,Mon/Thu/Sat,9,15.2,15,0
S1090,PP06,Baltimore,Medium,Wed/Fri/Sat,14,25.4,25,0
S1091,PP06,Baltimore,Small,Wed/Fri/Sat,8,12.6,13,0
S1092,PP06,Baltimore,Small,Mon/Thu/Sat,9,15.4,15,0
S1093,PP06,Baltimore,Medium,Wed/Fri/Sat,15,27.3,27,0
S1094,PP06,Baltimore,Medium,Tue/Fri/Sat,14,24.6,25,0
S1095,PP06,Baltimore,Large,Tue/Thu/Fri/Sat,13,35.0,35,0
S1096,PP06,Baltimore,Medium,Mon/Thu/Sat,9,16.6,17,0
S1097,PP06,Baltimore,Medium,Tue/Thu/Fri/Sat,7,16.7,17,0
S1098,PP06,Baltimore,Medium,Tue/Fri/Sat,13,24.4,24,0
S1099,PP06,Baltimore,Large,Tue/Thu/Fri/Sat,13,33.2,33,0
S1100,PP06,Baltimore,Small,Mon/Thu/Sat,8,14.6,15,0
S1101,PP06,Baltimore,Large,Mon/Wed/Fri/Sat,13,36.9,37,0
S1102,PP06,Baltimore,Medium,Mon/Thu/Sat,14,25.2,25,0
S1103,PP07,Richmond,Small,Wed/Fri/Sat,9,17.2,17,0
S1104,PP07,Richmond,Small,Tue/Fri/Sat,7,10.7,11,0
S1105,PP07,Richmond,Large,Mon/Wed/Fri/Sat,12,33.8,34,0
S1106,PP07,Richmond,Large,Tue/Thu/Fri/Sat,13,34.3,34,0
S1107,PP07,Richmond,Medium,Mon/Thu/Sat,15,28.4,28,0
S1108,PP07,Richmond,Medium,Tue/Thu/Fri/Sat,8,20.8,21,0
S1109,PP07,Richmond,Large,Tue/Thu/Fri/Sat,10,28.7,29,0
S1110,PP07,Richmond,Small,Mon/Thu/Sat,8,14.3,14,0
S1111,PP07,Richmond,Small,Wed/Fri/Sat,8,13.4,13,0
S1112,PP07,Richmond,Medium,Mon/Thu/Sat,13,26.2,26,0
S1113,PP07,Richmond,Small,Tue/Fri/Sat,10,17.7,18,0
S1114,PP07,Richmond,Medium,Mon/Thu/Sat,12,21.7,22,0
S1115,PP07,Richmond,Medium,Mon/Thu/Sat,13,25.7,26,0
S1116,PP07,Richmond,Small,Mon/Thu/Sat,9,17.3,17,0
S1117,PP07,Richmond,Medium,Mon/Thu/Sat,13,23.0,23,0
S1118,PP07,Richmond,Medium,Mon/Wed/Fri/Sat,8,18.8,19,0
S1119,PP08,Syracuse,Small,Tue/Fri,6,12.2,12,0
S1120,PP08,Syracuse,Medium,Tue/Fri/Sat,12,23.1,23,0
S1121,PP08,Syracuse,Medium,Mon/Thu/Sat,10,19.8,20,0
S1122,PP08,Syracuse,Medium,Mon/Thu/Sat,15,28.6,29,0
S1123,PP08,Syracuse,Medium,Wed/Fri/Sat,12,20.5,21,0
S1124,PP08,Syracuse,Medium,Tue/Thu/Fri/Sat,9,26.5,27,0
S1125,PP08,Syracuse,Small,Wed/Fri/Sat,9,16.7,17,0
S1126,PP08,Syracuse,Medium,Mon/Wed/Fri/Sat,7,18.1,18,0
S1127,PP08,Syracuse,Medium,Wed/Fri/Sat,14,27.3,27,0
S1128,PP08,Syracuse,Medium,Tue/Fri/Sat,12,21.1,21,0
S1129,PP08,Syracuse,Medium,Wed/Fri/Sat,10,17.7,18,0
S1130,PP08,Syracuse,Small,Wed/Fri/Sat,9,16.4,16,0
S1131,PP08,Syracuse,Small,Tue/Fri/Sat,9,16.2,16,0
S1132,PP08,Syracuse,Medium,Tue/Fri/Sat,10,20.1,20,0
S1133,PP08,Syracuse,Medium,Mon/Thu/Sat,15,30.3,30,0
S1134,PP08,Syracuse,Medium,Mon/Wed/Fri/Sat,8,22.0,22,0
S1135,PP04,Harrisburg,Medium,Tue/Thu/Fri/Sat,9,21.8,22,0
S1136,PP07,Richmond,Medium,Wed/Sat,11,21.1,21,0
S1137,PP04,Harrisburg,Medium,Tue/Fri/Sat,13,26.0,26,0
