week_ending,pool_point_id,store_id,forecast_pallets
2026-08-01,PP01,S1001,25.8
2026-08-01,PP01,S1002,22.3
2026-08-01,PP01,S1003,17.0
2026-08-01,PP01,S1004,24.4
2026-08-01,PP01,S1005,10.7
2026-08-01,PP01,S1006,13.7
2026-08-01,PP01,S1007,10.3
2026-08-01,PP01,S1008,20.2
2026-08-01,PP01,S1009,16.0
2026-08-01,PP01,S1010,10.3
2026-08-01,PP01,S1011,18.8
2026-08-01,PP01,S1012,22.9
2026-08-01,PP01,S1013,15.8
2026-08-01,PP01,S1014,12.4
2026-08-01,PP02,S1015,13.4
2026-08-01,PP02,S1016,11.7
2026-08-01,PP02,S1017,17.3
2026-08-01,PP02,S1018,9.7
2026-08-01,PP02,S1019,11.0
2026-08-01,PP02,S1020,14.5
2026-08-01,PP02,S1021,21.7
2026-08-01,PP02,S1022,17.2
2026-08-01,PP02,S1023,10.9
2026-08-01,PP02,S1024,15.7
2026-08-01,PP02,S1025,8.5
2026-08-01,PP02,S1026,11.7
2026-08-01,PP02,S1027,13.5
2026-08-01,PP02,S1028,12.8
2026-08-01,PP02,S1029,8.1
2026-08-01,PP02,S1030,16.2
2026-08-01,PP02,S1031,10.4
2026-08-01,PP02,S1032,16.3
2026-08-01,PP02,S1033,8.9
2026-08-01,PP03,S1034,14.6
2026-08-01,PP03,S1035,12.9
2026-08-01,PP03,S1036,20.0
2026-08-01,PP03,S1037,14.4
2026-08-01,PP03,S1038,22.8
2026-08-01,PP03,S1039,9.3
2026-08-01,PP03,S1040,15.7
2026-08-01,PP03,S1041,8.9
2026-08-01,PP03,S1042,25.5
2026-08-01,PP03,S1043,24.1
2026-08-01,PP03,S1044,24.4
2026-08-01,PP03,S1045,23.5
2026-08-01,PP03,S1046,22.3
2026-08-01,PP03,S1047,14.2
2026-08-01,PP03,S1048,15.6
2026-08-01,PP03,S1049,22.0
2026-08-01,PP03,S1050,12.7
2026-08-01,PP03,S1051,15.2
2026-08-01,PP03,S1052,11.0
2026-08-01,PP04,S1053,13.2
2026-08-01,PP04,S1054,15.0
2026-08-01,PP04,S1055,15.1
2026-08-01,PP04,S1056,8.6
2026-08-01,PP04,S1057,13.0
2026-08-01,PP04,S1058,31.3
2026-08-01,PP04,S1059,14.2
2026-08-01,PP04,S1060,20.6
2026-08-01,PP04,S1061,14.7
2026-08-01,PP04,S1062,12.2
2026-08-01,PP04,S1063,20.4
2026-08-01,PP04,S1064,15.8
2026-08-01,PP04,S1065,24.4
2026-08-01,PP04,S1066,8.1
2026-08-01,PP04,S1067,9.3
2026-08-01,PP05,S1068,16.1
2026-08-01,PP05,S1069,24.4
2026-08-01,PP05,S1070,12.6
2026-08-01,PP05,S1071,8.5
2026-08-01,PP05,S1072,19.1
2026-08-01,PP05,S1073,21.1
2026-08-01,PP05,S1074,14.5
2026-08-01,PP05,S1075,19.3
2026-08-01,PP05,S1076,9.7
2026-08-01,PP05,S1077,21.3
2026-08-01,PP05,S1078,13.5
2026-08-01,PP05,S1079,30.7
2026-08-01,PP05,S1080,24.4
2026-08-01,PP05,S1081,17.0
2026-08-01,PP05,S1082,16.2
2026-08-01,PP05,S1083,16.8
2026-08-01,PP05,S1084,29.6
2026-08-01,PP06,S1085,23.1
2026-08-01,PP06,S1086,10.3
2026-08-01,PP06,S1087,16.3
2026-08-01,PP06,S1088,11.4
2026-08-01,PP06,S1089,10.4
2026-08-01,PP06,S1090,17.3
2026-08-01,PP06,S1091,8.6
2026-08-01,PP06,S1092,10.5
2026-08-01,PP06,S1093,18.6
2026-08-01,PP06,S1094,16.7
2026-08-01,PP06,S1095,23.8
2026-08-01,PP06,S1096,11.3
2026-08-01,PP06,S1097,11.4
2026-08-01,PP06,S1098,16.6
2026-08-01,PP06,S1099,22.6
2026-08-01,PP06,S1100,10.0
2026-08-01,PP06,S1101,25.1
2026-08-01,PP06,S1102,17.1
2026-08-01,PP07,S1103,11.6
2026-08-01,PP07,S1104,7.2
2026-08-01,PP07,S1105,22.9
2026-08-01,PP07,S1106,23.2
2026-08-01,PP07,S1107,19.2
2026-08-01,PP07,S1108,14.0
2026-08-01,PP07,S1109,19.4
2026-08-01,PP07,S1110,9.6
2026-08-01,PP07,S1111,9.1
2026-08-01,PP07,S1112,17.7
2026-08-01,PP07,S1113,12.0
2026-08-01,PP07,S1114,14.7
2026-08-01,PP07,S1115,17.3
2026-08-01,PP07,S1116,11.7
2026-08-01,PP07,S1117,15.6
2026-08-01,PP07,S1118,12.7
2026-08-01,PP08,S1119,8.3
2026-08-01,PP08,S1120,15.7
2026-08-01,PP08,S1121,13.5
2026-08-01,PP08,S1122,19.4
2026-08-01,PP08,S1123,13.9
2026-08-01,PP08,S1124,18.0
2026-08-01,PP08,S1125,11.4
2026-08-01,PP08,S1126,12.3
2026-08-01,PP08,S1127,18.5
2026-08-01,PP08,S1128,14.3
2026-08-01,PP08,S1129,12.0
2026-08-01,PP08,S1130,11.1
2026-08-01,PP08,S1131,11.0
2026-08-01,PP08,S1132,13.7
2026-08-01,PP08,S1133,20.6
2026-08-01,PP08,S1134,15.0
2026-08-01,PP04,S1135,0.0
2026-08-01,PP07,S1136,0.0
2026-08-08,PP01,S1001,27.2
2026-08-08,PP01,S1002,23.5
2026-08-08,PP01,S1003,17.9
2026-08-08,PP01,S1004,25.7
2026-08-08,PP01,S1005,11.2
2026-08-08,PP01,S1006,14.4
2026-08-08,PP01,S1007,10.8
2026-08-08,PP01,S1008,21.2
2026-08-08,PP01,S1009,16.8
2026-08-08,PP01,S1010,10.9
2026-08-08,PP01,S1011,19.8
2026-08-08,PP01,S1012,24.2
2026-08-08,PP01,S1013,16.7
2026-08-08,PP01,S1014,13.0
2026-08-08,PP02,S1015,13.4
2026-08-08,PP02,S1016,11.6
2026-08-08,PP02,S1017,17.2
2026-08-08,PP02,S1018,9.7
2026-08-08,PP02,S1019,11.0
2026-08-08,PP02,S1020,14.4
2026-08-08,PP02,S1021,21.5
2026-08-08,PP02,S1022,17.1
2026-08-08,PP02,S1023,10.8
2026-08-08,PP02,S1024,15.6
2026-08-08,PP02,S1025,8.4
2026-08-08,PP02,S1026,11.6
2026-08-08,PP02,S1027,13.5
2026-08-08,PP02,S1028,12.7
2026-08-08,PP02,S1029,8.1
2026-08-08,PP02,S1030,16.1
2026-08-08,PP02,S1031,10.3
2026-08-08,PP02,S1032,16.3
2026-08-08,PP02,S1033,8.8
2026-08-08,PP03,S1034,14.7
2026-08-08,PP03,S1035,13.0
2026-08-08,PP03,S1036,20.1
2026-08-08,PP03,S1037,14.5
2026-08-08,PP03,S1038,23.0
2026-08-08,PP03,S1039,9.4
2026-08-08,PP03,S1040,15.8
2026-08-08,PP03,S1041,9.0
2026-08-08,PP03,S1042,25.6
2026-08-08,PP03,S1043,24.2
2026-08-08,PP03,S1044,24.5
2026-08-08,PP03,S1045,23.7
2026-08-08,PP03,S1046,22.4
2026-08-08,PP03,S1047,14.3
2026-08-08,PP03,S1048,15.7
2026-08-08,PP03,S1049,22.1
2026-08-08,PP03,S1050,12.8
2026-08-08,PP03,S1051,15.3
2026-08-08,PP03,S1052,11.0
2026-08-08,PP04,S1053,13.4
2026-08-08,PP04,S1054,15.2
2026-08-08,PP04,S1055,15.3
2026-08-08,PP04,S1056,8.8
2026-08-08,PP04,S1057,13.2
2026-08-08,PP04,S1058,31.7
2026-08-08,PP04,S1059,14.4
2026-08-08,PP04,S1060,20.8
2026-08-08,PP04,S1061,14.9
2026-08-08,PP04,S1062,12.3
2026-08-08,PP04,S1063,20.7
2026-08-08,PP04,S1064,16.0
2026-08-08,PP04,S1065,24.7
2026-08-08,PP04,S1066,8.2
2026-08-08,PP04,S1067,9.5
2026-08-08,PP05,S1068,15.7
2026-08-08,PP05,S1069,23.8
2026-08-08,PP05,S1070,12.3
2026-08-08,PP05,S1071,8.3
2026-08-08,PP05,S1072,18.6
2026-08-08,PP05,S1073,20.5
2026-08-08,PP05,S1074,14.1
2026-08-08,PP05,S1075,18.8
2026-08-08,PP05,S1076,9.5
2026-08-08,PP05,S1077,20.8
2026-08-08,PP05,S1078,13.2
2026-08-08,PP05,S1079,29.9
2026-08-08,PP05,S1080,23.8
2026-08-08,PP05,S1081,16.5
2026-08-08,PP05,S1082,15.7
2026-08-08,PP05,S1083,16.4
2026-08-08,PP05,S1084,28.8
2026-08-08,PP06,S1085,23.7
2026-08-08,PP06,S1086,10.5
2026-08-08,PP06,S1087,16.8
2026-08-08,PP06,S1088,11.7
2026-08-08,PP06,S1089,10.6
2026-08-08,PP06,S1090,17.7
2026-08-08,PP06,S1091,8.8
2026-08-08,PP06,S1092,10.8
2026-08-08,PP06,S1093,19.1
2026-08-08,PP06,S1094,17.2
2026-08-08,PP06,S1095,24.4
2026-08-08,PP06,S1096,11.6
2026-08-08,PP06,S1097,11.7
2026-08-08,PP06,S1098,17.0
2026-08-08,PP06,S1099,23.2
2026-08-08,PP06,S1100,10.2
2026-08-08,PP06,S1101,25.8
2026-08-08,PP06,S1102,17.6
2026-08-08,PP07,S1103,11.8
2026-08-08,PP07,S1104,7.3
2026-08-08,PP07,S1105,23.2
2026-08-08,PP07,S1106,23.5
2026-08-08,PP07,S1107,19.5
2026-08-08,PP07,S1108,14.3
2026-08-08,PP07,S1109,19.7
2026-08-08,PP07,S1110,9.8
2026-08-08,PP07,S1111,9.2
2026-08-08,PP07,S1112,18.0
2026-08-08,PP07,S1113,12.1
2026-08-08,PP07,S1114,14.9
2026-08-08,PP07,S1115,17.6
2026-08-08,PP07,S1116,11.9
2026-08-08,PP07,S1117,15.8
2026-08-08,PP07,S1118,12.9
2026-08-08,PP08,S1119,8.2
2026-08-08,PP08,S1120,15.5
2026-08-08,PP08,S1121,13.3
2026-08-08,PP08,S1122,19.2
2026-08-08,PP08,S1123,13.8
2026-08-08,PP08,S1124,17.8
2026-08-08,PP08,S1125,11.2
2026-08-08,PP08,S1126,12.2
2026-08-08,PP08,S1127,18.3
2026-08-08,PP08,S1128,14.2
2026-08-08,PP08,S1129,11.9
2026-08-08,PP08,S1130,11.0
2026-08-08,PP08,S1131,10.9
2026-08-08,PP08,S1132,13.5
2026-08-08,PP08,S1133,20.4
2026-08-08,PP08,S1134,14.8
2026-08-08,PP04,S1135,0.0
2026-08-08,PP07,S1136,0.0
2026-08-15,PP01,S1001,25.4
2026-08-15,PP01,S1002,22.0
2026-08-15,PP01,S1003,16.7
2026-08-15,PP01,S1004,24.0
2026-08-15,PP01,S1005,10.5
2026-08-15,PP01,S1006,13.4
2026-08-15,PP01,S1007,10.1
2026-08-15,PP01,S1008,19.8
2026-08-15,PP01,S1009,15.7
2026-08-15,PP01,S1010,10.2
2026-08-15,PP01,S1011,18.5
2026-08-15,PP01,S1012,22.6
2026-08-15,PP01,S1013,15.6
2026-08-15,PP01,S1014,12.2
2026-08-15,PP02,S1015,13.3
2026-08-15,PP02,S1016,11.5
2026-08-15,PP02,S1017,17.1
2026-08-15,PP02,S1018,9.6
2026-08-15,PP02,S1019,10.9
2026-08-15,PP02,S1020,14.3
2026-08-15,PP02,S1021,21.4
2026-08-15,PP02,S1022,17.0
2026-08-15,PP02,S1023,10.7
2026-08-15,PP02,S1024,15.5
2026-08-15,PP02,S1025,8.3
2026-08-15,PP02,S1026,11.5
2026-08-15,PP02,S1027,13.4
2026-08-15,PP02,S1028,12.6
2026-08-15,PP02,S1029,8.0
2026-08-15,PP02,S1030,16.0
2026-08-15,PP02,S1031,10.3
2026-08-15,PP02,S1032,16.1
2026-08-15,PP02,S1033,8.7
2026-08-15,PP03,S1034,14.6
2026-08-15,PP03,S1035,12.9
2026-08-15,PP03,S1036,20.0
2026-08-15,PP03,S1037,14.4
2026-08-15,PP03,S1038,22.8
2026-08-15,PP03,S1039,9.3
2026-08-15,PP03,S1040,15.7
2026-08-15,PP03,S1041,8.9
2026-08-15,PP03,S1042,25.5
2026-08-15,PP03,S1043,24.0
2026-08-15,PP03,S1044,24.4
2026-08-15,PP03,S1045,23.5
2026-08-15,PP03,S1046,22.3
2026-08-15,PP03,S1047,14.2
2026-08-15,PP03,S1048,15.6
2026-08-15,PP03,S1049,21.9
2026-08-15,PP03,S1050,12.7
2026-08-15,PP03,S1051,15.1
2026-08-15,PP03,S1052,10.9
2026-08-15,PP04,S1053,13.2
2026-08-15,PP04,S1054,15.0
2026-08-15,PP04,S1055,15.1
2026-08-15,PP04,S1056,8.7
2026-08-15,PP04,S1057,13.1
2026-08-15,PP04,S1058,31.4
2026-08-15,PP04,S1059,14.2
2026-08-15,PP04,S1060,20.6
2026-08-15,PP04,S1061,14.7
2026-08-15,PP04,S1062,12.2
2026-08-15,PP04,S1063,20.5
2026-08-15,PP04,S1064,15.8
2026-08-15,PP04,S1065,24.5
2026-08-15,PP04,S1066,8.1
2026-08-15,PP04,S1067,9.4
2026-08-15,PP05,S1068,15.6
2026-08-15,PP05,S1069,23.8
2026-08-15,PP05,S1070,12.3
2026-08-15,PP05,S1071,8.3
2026-08-15,PP05,S1072,18.6
2026-08-15,PP05,S1073,20.5
2026-08-15,PP05,S1074,14.1
2026-08-15,PP05,S1075,18.8
2026-08-15,PP05,S1076,9.5
2026-08-15,PP05,S1077,20.7
2026-08-15,PP05,S1078,13.1
2026-08-15,PP05,S1079,29.9
2026-08-15,PP05,S1080,23.8
2026-08-15,PP05,S1081,16.5
2026-08-15,PP05,S1082,15.7
2026-08-15,PP05,S1083,16.3
2026-08-15,PP05,S1084,28.8
2026-08-15,PP06,S1085,23.8
2026-08-15,PP06,S1086,10.6
2026-08-15,PP06,S1087,16.9
2026-08-15,PP06,S1088,11.8
2026-08-15,PP06,S1089,10.7
2026-08-15,PP06,S1090,17.8
2026-08-15,PP06,S1091,8.8
2026-08-15,PP06,S1092,10.8
2026-08-15,PP06,S1093,19.2
2026-08-15,PP06,S1094,17.3
2026-08-15,PP06,S1095,24.6
2026-08-15,PP06,S1096,11.6
2026-08-15,PP06,S1097,11.7
2026-08-15,PP06,S1098,17.1
2026-08-15,PP06,S1099,23.3
2026-08-15,PP06,S1100,10.3
2026-08-15,PP06,S1101,25.9
2026-08-15,PP06,S1102,17.7
2026-08-15,PP07,S1103,11.6
2026-08-15,PP07,S1104,7.2
2026-08-15,PP07,S1105,22.8
2026-08-15,PP07,S1106,23.1
2026-08-15,PP07,S1107,19.1
2026-08-15,PP07,S1108,14.0
2026-08-15,PP07,S1109,19.4
2026-08-15,PP07,S1110,9.6
2026-08-15,PP07,S1111,9.0
2026-08-15,PP07,S1112,17.7
2026-08-15,PP07,S1113,11.9
2026-08-15,PP07,S1114,14.6
2026-08-15,PP07,S1115,17.3
2026-08-15,PP07,S1116,11.7
2026-08-15,PP07,S1117,15.5
2026-08-15,PP07,S1118,12.6
2026-08-15,PP08,S1119,7.9
2026-08-15,PP08,S1120,15.0
2026-08-15,PP08,S1121,12.9
2026-08-15,PP08,S1122,18.6
2026-08-15,PP08,S1123,13.3
2026-08-15,PP08,S1124,17.2
2026-08-15,PP08,S1125,10.9
2026-08-15,PP08,S1126,11.8
2026-08-15,PP08,S1127,17.7
2026-08-15,PP08,S1128,13.7
2026-08-15,PP08,S1129,11.5
2026-08-15,PP08,S1130,10.7
2026-08-15,PP08,S1131,10.5
2026-08-15,PP08,S1132,13.1
2026-08-15,PP08,S1133,19.7
2026-08-15,PP08,S1134,14.3
2026-08-15,PP04,S1135,0.0
2026-08-15,PP07,S1136,0.0
2026-08-22,PP01,S1001,25.3
2026-08-22,PP01,S1002,21.9
2026-08-22,PP01,S1003,16.7
2026-08-22,PP01,S1004,23.9
2026-08-22,PP01,S1005,10.5
2026-08-22,PP01,S1006,13.4
2026-08-22,PP01,S1007,10.1
2026-08-22,PP01,S1008,19.8
2026-08-22,PP01,S1009,15.7
2026-08-22,PP01,S1010,10.2
2026-08-22,PP01,S1011,18.5
2026-08-22,PP01,S1012,22.5
2026-08-22,PP01,S1013,15.5
2026-08-22,PP01,S1014,12.1
2026-08-22,PP02,S1015,13.0
2026-08-22,PP02,S1016,11.3
2026-08-22,PP02,S1017,16.8
2026-08-22,PP02,S1018,9.4
2026-08-22,PP02,S1019,10.7
2026-08-22,PP02,S1020,14.0
2026-08-22,PP02,S1021,21.0
2026-08-22,PP02,S1022,16.7
2026-08-22,PP02,S1023,10.5
2026-08-22,PP02,S1024,15.2
2026-08-22,PP02,S1025,8.2
2026-08-22,PP02,S1026,11.3
2026-08-22,PP02,S1027,13.1
2026-08-22,PP02,S1028,12.4
2026-08-22,PP02,S1029,7.9
2026-08-22,PP02,S1030,15.7
2026-08-22,PP02,S1031,10.1
2026-08-22,PP02,S1032,15.8
2026-08-22,PP02,S1033,8.6
2026-08-22,PP03,S1034,14.3
2026-08-22,PP03,S1035,12.6
2026-08-22,PP03,S1036,19.5
2026-08-22,PP03,S1037,14.0
2026-08-22,PP03,S1038,22.3
2026-08-22,PP03,S1039,9.1
2026-08-22,PP03,S1040,15.3
2026-08-22,PP03,S1041,8.7
2026-08-22,PP03,S1042,24.9
2026-08-22,PP03,S1043,23.5
2026-08-22,PP03,S1044,23.8
2026-08-22,PP03,S1045,23.0
2026-08-22,PP03,S1046,21.7
2026-08-22,PP03,S1047,13.9
2026-08-22,PP03,S1048,15.3
2026-08-22,PP03,S1049,21.4
2026-08-22,PP03,S1050,12.4
2026-08-22,PP03,S1051,14.8
2026-08-22,PP03,S1052,10.7
2026-08-22,PP04,S1053,12.9
2026-08-22,PP04,S1054,14.7
2026-08-22,PP04,S1055,14.8
2026-08-22,PP04,S1056,8.5
2026-08-22,PP04,S1057,12.8
2026-08-22,PP04,S1058,30.7
2026-08-22,PP04,S1059,13.9
2026-08-22,PP04,S1060,20.2
2026-08-22,PP04,S1061,14.4
2026-08-22,PP04,S1062,11.9
2026-08-22,PP04,S1063,20.0
2026-08-22,PP04,S1064,15.5
2026-08-22,PP04,S1065,23.9
2026-08-22,PP04,S1066,7.9
2026-08-22,PP04,S1067,9.2
2026-08-22,PP05,S1068,15.2
2026-08-22,PP05,S1069,23.0
2026-08-22,PP05,S1070,11.9
2026-08-22,PP05,S1071,8.0
2026-08-22,PP05,S1072,18.0
2026-08-22,PP05,S1073,19.9
2026-08-22,PP05,S1074,13.6
2026-08-22,PP05,S1075,18.2
2026-08-22,PP05,S1076,9.2
2026-08-22,PP05,S1077,20.1
2026-08-22,PP05,S1078,12.7
2026-08-22,PP05,S1079,29.0
2026-08-22,PP05,S1080,23.0
2026-08-22,PP05,S1081,16.0
2026-08-22,PP05,S1082,15.2
2026-08-22,PP05,S1083,15.8
2026-08-22,PP05,S1084,27.9
2026-08-22,PP06,S1085,22.6
2026-08-22,PP06,S1086,10.0
2026-08-22,PP06,S1087,16.0
2026-08-22,PP06,S1088,11.2
2026-08-22,PP06,S1089,10.1
2026-08-22,PP06,S1090,16.9
2026-08-22,PP06,S1091,8.4
2026-08-22,PP06,S1092,10.3
2026-08-22,PP06,S1093,18.2
2026-08-22,PP06,S1094,16.4
2026-08-22,PP06,S1095,23.3
2026-08-22,PP06,S1096,11.0
2026-08-22,PP06,S1097,11.1
2026-08-22,PP06,S1098,16.2
2026-08-22,PP06,S1099,22.1
2026-08-22,PP06,S1100,9.7
2026-08-22,PP06,S1101,24.6
2026-08-22,PP06,S1102,16.7
2026-08-22,PP07,S1103,11.3
2026-08-22,PP07,S1104,7.0
2026-08-22,PP07,S1105,22.2
2026-08-22,PP07,S1106,22.5
2026-08-22,PP07,S1107,18.6
2026-08-22,PP07,S1108,13.6
2026-08-22,PP07,S1109,18.8
2026-08-22,PP07,S1110,9.3
2026-08-22,PP07,S1111,8.8
2026-08-22,PP07,S1112,17.2
2026-08-22,PP07,S1113,11.6
2026-08-22,PP07,S1114,14.2
2026-08-22,PP07,S1115,16.8
2026-08-22,PP07,S1116,11.4
2026-08-22,PP07,S1117,15.1
2026-08-22,PP07,S1118,12.3
2026-08-22,PP08,S1119,8.0
2026-08-22,PP08,S1120,15.2
2026-08-22,PP08,S1121,13.0
2026-08-22,PP08,S1122,18.8
2026-08-22,PP08,S1123,13.5
2026-08-22,PP08,S1124,17.4
2026-08-22,PP08,S1125,11.0
2026-08-22,PP08,S1126,12.0
2026-08-22,PP08,S1127,18.0
2026-08-22,PP08,S1128,13.9
2026-08-22,PP08,S1129,11.7
2026-08-22,PP08,S1130,10.8
2026-08-22,PP08,S1131,10.7
2026-08-22,PP08,S1132,13.3
2026-08-22,PP08,S1133,20.0
2026-08-22,PP08,S1134,14.5
2026-08-22,PP04,S1135,0.0
2026-08-22,PP07,S1136,0.0
2026-08-29,PP01,S1001,24.7
2026-08-29,PP01,S1002,21.4
2026-08-29,PP01,S1003,16.3
2026-08-29,PP01,S1004,23.4
2026-08-29,PP01,S1005,10.2
2026-08-29,PP01,S1006,13.1
2026-08-29,PP01,S1007,9.8
2026-08-29,PP01,S1008,19.3
2026-08-29,PP01,S1009,15.3
2026-08-29,PP01,S1010,9.9
2026-08-29,PP01,S1011,18.1
2026-08-29,PP01,S1012,22.0
2026-08-29,PP01,S1013,15.2
2026-08-29,PP01,S1014,11.8
2026-08-29,PP02,S1015,12.5
2026-08-29,PP02,S1016,10.9
2026-08-29,PP02,S1017,16.1
2026-08-29,PP02,S1018,9.1
2026-08-29,PP02,S1019,10.3
2026-08-29,PP02,S1020,13.5
2026-08-29,PP02,S1021,20.2
2026-08-29,PP02,S1022,16.1
2026-08-29,PP02,S1023,10.1
2026-08-29,PP02,S1024,14.6
2026-08-29,PP02,S1025,7.9
2026-08-29,PP02,S1026,10.9
2026-08-29,PP02,S1027,12.6
2026-08-29,PP02,S1028,11.9
2026-08-29,PP02,S1029,7.6
2026-08-29,PP02,S1030,15.1
2026-08-29,PP02,S1031,9.7
2026-08-29,PP02,S1032,15.2
2026-08-29,PP02,S1033,8.3
2026-08-29,PP03,S1034,13.9
2026-08-29,PP03,S1035,12.3
2026-08-29,PP03,S1036,19.1
2026-08-29,PP03,S1037,13.7
2026-08-29,PP03,S1038,21.8
2026-08-29,PP03,S1039,8.9
2026-08-29,PP03,S1040,15.0
2026-08-29,PP03,S1041,8.5
2026-08-29,PP03,S1042,24.3
2026-08-29,PP03,S1043,22.9
2026-08-29,PP03,S1044,23.2
2026-08-29,PP03,S1045,22.4
2026-08-29,PP03,S1046,21.2
2026-08-29,PP03,S1047,13.6
2026-08-29,PP03,S1048,14.9
2026-08-29,PP03,S1049,20.9
2026-08-29,PP03,S1050,12.1
2026-08-29,PP03,S1051,14.5
2026-08-29,PP03,S1052,10.4
2026-08-29,PP04,S1053,12.5
2026-08-29,PP04,S1054,14.3
2026-08-29,PP04,S1055,14.3
2026-08-29,PP04,S1056,8.2
2026-08-29,PP04,S1057,12.4
2026-08-29,PP04,S1058,29.8
2026-08-29,PP04,S1059,13.5
2026-08-29,PP04,S1060,19.6
2026-08-29,PP04,S1061,14.0
2026-08-29,PP04,S1062,11.6
2026-08-29,PP04,S1063,19.4
2026-08-29,PP04,S1064,15.0
2026-08-29,PP04,S1065,23.2
2026-08-29,PP04,S1066,7.7
2026-08-29,PP04,S1067,8.9
2026-08-29,PP05,S1068,14.4
2026-08-29,PP05,S1069,21.9
2026-08-29,PP05,S1070,11.3
2026-08-29,PP05,S1071,7.6
2026-08-29,PP05,S1072,17.1
2026-08-29,PP05,S1073,18.8
2026-08-29,PP05,S1074,12.9
2026-08-29,PP05,S1075,17.3
2026-08-29,PP05,S1076,8.7
2026-08-29,PP05,S1077,19.0
2026-08-29,PP05,S1078,12.1
2026-08-29,PP05,S1079,27.5
2026-08-29,PP05,S1080,21.9
2026-08-29,PP05,S1081,15.2
2026-08-29,PP05,S1082,14.4
2026-08-29,PP05,S1083,15.0
2026-08-29,PP05,S1084,26.5
2026-08-29,PP06,S1085,22.4
2026-08-29,PP06,S1086,9.9
2026-08-29,PP06,S1087,15.8
2026-08-29,PP06,S1088,11.1
2026-08-29,PP06,S1089,10.0
2026-08-29,PP06,S1090,16.7
2026-08-29,PP06,S1091,8.3
2026-08-29,PP06,S1092,10.2
2026-08-29,PP06,S1093,18.0
2026-08-29,PP06,S1094,16.2
2026-08-29,PP06,S1095,23.0
2026-08-29,PP06,S1096,10.9
2026-08-29,PP06,S1097,11.0
2026-08-29,PP06,S1098,16.0
2026-08-29,PP06,S1099,21.8
2026-08-29,PP06,S1100,9.6
2026-08-29,PP06,S1101,24.3
2026-08-29,PP06,S1102,16.6
2026-08-29,PP07,S1103,10.9
2026-08-29,PP07,S1104,6.7
2026-08-29,PP07,S1105,21.3
2026-08-29,PP07,S1106,21.6
2026-08-29,PP07,S1107,17.9
2026-08-29,PP07,S1108,13.1
2026-08-29,PP07,S1109,18.1
2026-08-29,PP07,S1110,9.0
2026-08-29,PP07,S1111,8.5
2026-08-29,PP07,S1112,16.6
2026-08-29,PP07,S1113,11.2
2026-08-29,PP07,S1114,13.7
2026-08-29,PP07,S1115,16.2
2026-08-29,PP07,S1116,10.9
2026-08-29,PP07,S1117,14.5
2026-08-29,PP07,S1118,11.8
2026-08-29,PP08,S1119,7.7
2026-08-29,PP08,S1120,14.5
2026-08-29,PP08,S1121,12.4
2026-08-29,PP08,S1122,18.0
2026-08-29,PP08,S1123,12.9
2026-08-29,PP08,S1124,16.6
2026-08-29,PP08,S1125,10.5
2026-08-29,PP08,S1126,11.4
2026-08-29,PP08,S1127,17.2
2026-08-29,PP08,S1128,13.3
2026-08-29,PP08,S1129,11.1
2026-08-29,PP08,S1130,10.3
2026-08-29,PP08,S1131,10.2
2026-08-29,PP08,S1132,12.7
2026-08-29,PP08,S1133,19.1
2026-08-29,PP08,S1134,13.8
2026-08-29,PP04,S1135,0.0
2026-08-29,PP07,S1136,0.0
2026-09-05,PP01,S1001,24.5
2026-09-05,PP01,S1002,21.2
2026-09-05,PP01,S1003,16.2
2026-09-05,PP01,S1004,23.2
2026-09-05,PP01,S1005,10.1
2026-09-05,PP01,S1006,13.0
2026-09-05,PP01,S1007,9.8
2026-09-05,PP01,S1008,19.2
2026-09-05,PP01,S1009,15.2
2026-09-05,PP01,S1010,9.8
2026-09-05,PP01,S1011,17.9
2026-09-05,PP01,S1012,21.8
2026-09-05,PP01,S1013,15.1
2026-09-05,PP01,S1014,11.7
2026-09-05,PP02,S1015,12.5
2026-09-05,PP02,S1016,10.8
2026-09-05,PP02,S1017,16.1
2026-09-05,PP02,S1018,9.1
2026-09-05,PP02,S1019,10.2
2026-09-05,PP02,S1020,13.5
2026-09-05,PP02,S1021,20.1
2026-09-05,PP02,S1022,16.0
2026-09-05,PP02,S1023,10.1
2026-09-05,PP02,S1024,14.6
2026-09-05,PP02,S1025,7.9
2026-09-05,PP02,S1026,10.8
2026-09-05,PP02,S1027,12.6
2026-09-05,PP02,S1028,11.9
2026-09-05,PP02,S1029,7.6
2026-09-05,PP02,S1030,15.0
2026-09-05,PP02,S1031,9.6
2026-09-05,PP02,S1032,15.2
2026-09-05,PP02,S1033,8.2
2026-09-05,PP03,S1034,13.1
2026-09-05,PP03,S1035,11.6
2026-09-05,PP03,S1036,18.0
2026-09-05,PP03,S1037,12.9
2026-09-05,PP03,S1038,20.5
2026-09-05,PP03,S1039,8.4
2026-09-05,PP03,S1040,14.1
2026-09-05,PP03,S1041,8.0
2026-09-05,PP03,S1042,22.9
2026-09-05,PP03,S1043,21.7
2026-09-05,PP03,S1044,21.9
2026-09-05,PP03,S1045,21.2
2026-09-05,PP03,S1046,20.0
2026-09-05,PP03,S1047,12.8
2026-09-05,PP03,S1048,14.1
2026-09-05,PP03,S1049,19.8
2026-09-05,PP03,S1050,11.5
2026-09-05,PP03,S1051,13.6
2026-09-05,PP03,S1052,9.8
2026-09-05,PP04,S1053,12.1
2026-09-05,PP04,S1054,13.8
2026-09-05,PP04,S1055,13.9
2026-09-05,PP04,S1056,7.9
2026-09-05,PP04,S1057,12.0
2026-09-05,PP04,S1058,28.8
2026-09-05,PP04,S1059,13.1
2026-09-05,PP04,S1060,18.9
2026-09-05,PP04,S1061,13.5
2026-09-05,PP04,S1062,11.2
2026-09-05,PP04,S1063,18.8
2026-09-05,PP04,S1064,14.5
2026-09-05,PP04,S1065,22.5
2026-09-05,PP04,S1066,7.4
2026-09-05,PP04,S1067,8.6
2026-09-05,PP05,S1068,14.3
2026-09-05,PP05,S1069,21.8
2026-09-05,PP05,S1070,11.3
2026-09-05,PP05,S1071,7.6
2026-09-05,PP05,S1072,17.1
2026-09-05,PP05,S1073,18.8
2026-09-05,PP05,S1074,12.9
2026-09-05,PP05,S1075,17.2
2026-09-05,PP05,S1076,8.7
2026-09-05,PP05,S1077,19.0
2026-09-05,PP05,S1078,12.0
2026-09-05,PP05,S1079,27.4
2026-09-05,PP05,S1080,21.8
2026-09-05,PP05,S1081,15.1
2026-09-05,PP05,S1082,14.4
2026-09-05,PP05,S1083,15.0
2026-09-05,PP05,S1084,26.4
2026-09-05,PP06,S1085,21.5
2026-09-05,PP06,S1086,9.6
2026-09-05,PP06,S1087,15.2
2026-09-05,PP06,S1088,10.7
2026-09-05,PP06,S1089,9.6
2026-09-05,PP06,S1090,16.1
2026-09-05,PP06,S1091,8.0
2026-09-05,PP06,S1092,9.8
2026-09-05,PP06,S1093,17.3
2026-09-05,PP06,S1094,15.6
2026-09-05,PP06,S1095,22.2
2026-09-05,PP06,S1096,10.5
2026-09-05,PP06,S1097,10.6
2026-09-05,PP06,S1098,15.4
2026-09-05,PP06,S1099,21.0
2026-09-05,PP06,S1100,9.3
2026-09-05,PP06,S1101,23.4
2026-09-05,PP06,S1102,16.0
2026-09-05,PP07,S1103,10.8
2026-09-05,PP07,S1104,6.7
2026-09-05,PP07,S1105,21.2
2026-09-05,PP07,S1106,21.5
2026-09-05,PP07,S1107,17.8
2026-09-05,PP07,S1108,13.0
2026-09-05,PP07,S1109,18.0
2026-09-05,PP07,S1110,8.9
2026-09-05,PP07,S1111,8.4
2026-09-05,PP07,S1112,16.5
2026-09-05,PP07,S1113,11.1
2026-09-05,PP07,S1114,13.6
2026-09-05,PP07,S1115,16.1
2026-09-05,PP07,S1116,10.9
2026-09-05,PP07,S1117,14.5
2026-09-05,PP07,S1118,11.8
2026-09-05,PP08,S1119,7.5
2026-09-05,PP08,S1120,14.1
2026-09-05,PP08,S1121,12.1
2026-09-05,PP08,S1122,17.5
2026-09-05,PP08,S1123,12.6
2026-09-05,PP08,S1124,16.2
2026-09-05,PP08,S1125,10.3
2026-09-05,PP08,S1126,11.1
2026-09-05,PP08,S1127,16.7
2026-09-05,PP08,S1128,12.9
2026-09-05,PP08,S1129,10.8
2026-09-05,PP08,S1130,10.0
2026-09-05,PP08,S1131,9.9
2026-09-05,PP08,S1132,12.3
2026-09-05,PP08,S1133,18.6
2026-09-05,PP08,S1134,13.5
2026-09-05,PP04,S1135,0.0
2026-09-05,PP07,S1136,0.0
2026-09-12,PP01,S1001,24.3
2026-09-12,PP01,S1002,21.0
2026-09-12,PP01,S1003,16.0
2026-09-12,PP01,S1004,23.0
2026-09-12,PP01,S1005,10.0
2026-09-12,PP01,S1006,12.9
2026-09-12,PP01,S1007,9.7
2026-09-12,PP01,S1008,19.0
2026-09-12,PP01,S1009,15.1
2026-09-12,PP01,S1010,9.8
2026-09-12,PP01,S1011,17.8
2026-09-12,PP01,S1012,21.6
2026-09-12,PP01,S1013,14.9
2026-09-12,PP01,S1014,11.6
2026-09-12,PP02,S1015,11.9
2026-09-12,PP02,S1016,10.3
2026-09-12,PP02,S1017,15.3
2026-09-12,PP02,S1018,8.6
2026-09-12,PP02,S1019,9.8
2026-09-12,PP02,S1020,12.8
2026-09-12,PP02,S1021,19.2
2026-09-12,PP02,S1022,15.2
2026-09-12,PP02,S1023,9.6
2026-09-12,PP02,S1024,13.9
2026-09-12,PP02,S1025,7.5
2026-09-12,PP02,S1026,10.3
2026-09-12,PP02,S1027,12.0
2026-09-12,PP02,S1028,11.3
2026-09-12,PP02,S1029,7.2
2026-09-12,PP02,S1030,14.3
2026-09-12,PP02,S1031,9.2
2026-09-12,PP02,S1032,14.5
2026-09-12,PP02,S1033,7.8
2026-09-12,PP03,S1034,12.8
2026-09-12,PP03,S1035,11.3
2026-09-12,PP03,S1036,17.5
2026-09-12,PP03,S1037,12.6
2026-09-12,PP03,S1038,20.0
2026-09-12,PP03,S1039,8.1
2026-09-12,PP03,S1040,13.7
2026-09-12,PP03,S1041,7.8
2026-09-12,PP03,S1042,22.3
2026-09-12,PP03,S1043,21.1
2026-09-12,PP03,S1044,21.3
2026-09-12,PP03,S1045,20.6
2026-09-12,PP03,S1046,19.5
2026-09-12,PP03,S1047,12.4
2026-09-12,PP03,S1048,13.7
2026-09-12,PP03,S1049,19.2
2026-09-12,PP03,S1050,11.1
2026-09-12,PP03,S1051,13.3
2026-09-12,PP03,S1052,9.6
2026-09-12,PP04,S1053,12.0
2026-09-12,PP04,S1054,13.6
2026-09-12,PP04,S1055,13.7
2026-09-12,PP04,S1056,7.8
2026-09-12,PP04,S1057,11.8
2026-09-12,PP04,S1058,28.4
2026-09-12,PP04,S1059,12.9
2026-09-12,PP04,S1060,18.6
2026-09-12,PP04,S1061,13.3
2026-09-12,PP04,S1062,11.0
2026-09-12,PP04,S1063,18.5
2026-09-12,PP04,S1064,14.3
2026-09-12,PP04,S1065,22.1
2026-09-12,PP04,S1066,7.3
2026-09-12,PP04,S1067,8.5
2026-09-12,PP05,S1068,14.2
2026-09-12,PP05,S1069,21.6
2026-09-12,PP05,S1070,11.1
2026-09-12,PP05,S1071,7.5
2026-09-12,PP05,S1072,16.9
2026-09-12,PP05,S1073,18.6
2026-09-12,PP05,S1074,12.8
2026-09-12,PP05,S1075,17.0
2026-09-12,PP05,S1076,8.6
2026-09-12,PP05,S1077,18.8
2026-09-12,PP05,S1078,11.9
2026-09-12,PP05,S1079,27.1
2026-09-12,PP05,S1080,21.6
2026-09-12,PP05,S1081,15.0
2026-09-12,PP05,S1082,14.2
2026-09-12,PP05,S1083,14.8
2026-09-12,PP05,S1084,26.1
2026-09-12,PP06,S1085,21.0
2026-09-12,PP06,S1086,9.3
2026-09-12,PP06,S1087,14.9
2026-09-12,PP06,S1088,10.4
2026-09-12,PP06,S1089,9.4
2026-09-12,PP06,S1090,15.7
2026-09-12,PP06,S1091,7.8
2026-09-12,PP06,S1092,9.6
2026-09-12,PP06,S1093,16.9
2026-09-12,PP06,S1094,15.2
2026-09-12,PP06,S1095,21.7
2026-09-12,PP06,S1096,10.3
2026-09-12,PP06,S1097,10.3
2026-09-12,PP06,S1098,15.1
2026-09-12,PP06,S1099,20.5
2026-09-12,PP06,S1100,9.1
2026-09-12,PP06,S1101,22.9
2026-09-12,PP06,S1102,15.6
2026-09-12,PP07,S1103,10.7
2026-09-12,PP07,S1104,6.7
2026-09-12,PP07,S1105,21.1
2026-09-12,PP07,S1106,21.4
2026-09-12,PP07,S1107,17.7
2026-09-12,PP07,S1108,13.0
2026-09-12,PP07,S1109,17.9
2026-09-12,PP07,S1110,8.9
2026-09-12,PP07,S1111,8.4
2026-09-12,PP07,S1112,16.4
2026-09-12,PP07,S1113,11.0
2026-09-12,PP07,S1114,13.6
2026-09-12,PP07,S1115,16.0
2026-09-12,PP07,S1116,10.8
2026-09-12,PP07,S1117,14.4
2026-09-12,PP07,S1118,11.7
2026-09-12,PP08,S1119,7.3
2026-09-12,PP08,S1120,13.9
2026-09-12,PP08,S1121,11.9
2026-09-12,PP08,S1122,17.2
2026-09-12,PP08,S1123,12.3
2026-09-12,PP08,S1124,15.9
2026-09-12,PP08,S1125,10.1
2026-09-12,PP08,S1126,10.9
2026-09-12,PP08,S1127,16.4
2026-09-12,PP08,S1128,12.7
2026-09-12,PP08,S1129,10.6
2026-09-12,PP08,S1130,9.9
2026-09-12,PP08,S1131,9.7
2026-09-12,PP08,S1132,12.1
2026-09-12,PP08,S1133,18.2
2026-09-12,PP08,S1134,13.2
2026-09-12,PP04,S1135,7.3
2026-09-12,PP07,S1136,0.0
2026-09-19,PP01,S1001,24.5
2026-09-19,PP01,S1002,21.2
2026-09-19,PP01,S1003,16.1
2026-09-19,PP01,S1004,23.2
2026-09-19,PP01,S1005,10.1
2026-09-19,PP01,S1006,13.0
2026-09-19,PP01,S1007,9.8
2026-09-19,PP01,S1008,19.1
2026-09-19,PP01,S1009,15.2
2026-09-19,PP01,S1010,9.8
2026-09-19,PP01,S1011,17.9
2026-09-19,PP01,S1012,21.8
2026-09-19,PP01,S1013,15.0
2026-09-19,PP01,S1014,11.7
2026-09-19,PP02,S1015,11.9
2026-09-19,PP02,S1016,10.3
2026-09-19,PP02,S1017,15.3
2026-09-19,PP02,S1018,8.6
2026-09-19,PP02,S1019,9.8
2026-09-19,PP02,S1020,12.8
2026-09-19,PP02,S1021,19.2
2026-09-19,PP02,S1022,15.3
2026-09-19,PP02,S1023,9.6
2026-09-19,PP02,S1024,13.9
2026-09-19,PP02,S1025,7.5
2026-09-19,PP02,S1026,10.3
2026-09-19,PP02,S1027,12.0
2026-09-19,PP02,S1028,11.3
2026-09-19,PP02,S1029,7.2
2026-09-19,PP02,S1030,14.3
2026-09-19,PP02,S1031,9.2
2026-09-19,PP02,S1032,14.5
2026-09-19,PP02,S1033,7.8
2026-09-19,PP03,S1034,13.6
2026-09-19,PP03,S1035,12.0
2026-09-19,PP03,S1036,18.6
2026-09-19,PP03,S1037,13.3
2026-09-19,PP03,S1038,21.2
2026-09-19,PP03,S1039,8.6
2026-09-19,PP03,S1040,14.6
2026-09-19,PP03,S1041,8.3
2026-09-19,PP03,S1042,23.6
2026-09-19,PP03,S1043,22.3
2026-09-19,PP03,S1044,22.6
2026-09-19,PP03,S1045,21.8
2026-09-19,PP03,S1046,20.7
2026-09-19,PP03,S1047,13.2
2026-09-19,PP03,S1048,14.5
2026-09-19,PP03,S1049,20.4
2026-09-19,PP03,S1050,11.8
2026-09-19,PP03,S1051,14.1
2026-09-19,PP03,S1052,10.2
2026-09-19,PP04,S1053,11.9
2026-09-19,PP04,S1054,13.5
2026-09-19,PP04,S1055,13.6
2026-09-19,PP04,S1056,7.8
2026-09-19,PP04,S1057,11.7
2026-09-19,PP04,S1058,28.2
2026-09-19,PP04,S1059,12.8
2026-09-19,PP04,S1060,18.5
2026-09-19,PP04,S1061,13.2
2026-09-19,PP04,S1062,11.0
2026-09-19,PP04,S1063,18.4
2026-09-19,PP04,S1064,14.2
2026-09-19,PP04,S1065,22.0
2026-09-19,PP04,S1066,7.3
2026-09-19,PP04,S1067,8.4
2026-09-19,PP05,S1068,14.3
2026-09-19,PP05,S1069,21.7
2026-09-19,PP05,S1070,11.2
2026-09-19,PP05,S1071,7.6
2026-09-19,PP05,S1072,17.0
2026-09-19,PP05,S1073,18.7
2026-09-19,PP05,S1074,12.9
2026-09-19,PP05,S1075,17.1
2026-09-19,PP05,S1076,8.6
2026-09-19,PP05,S1077,18.9
2026-09-19,PP05,S1078,12.0
2026-09-19,PP05,S1079,27.3
2026-09-19,PP05,S1080,21.7
2026-09-19,PP05,S1081,15.1
2026-09-19,PP05,S1082,14.4
2026-09-19,PP05,S1083,14.9
2026-09-19,PP05,S1084,26.3
2026-09-19,PP06,S1085,21.9
2026-09-19,PP06,S1086,9.7
2026-09-19,PP06,S1087,15.5
2026-09-19,PP06,S1088,10.9
2026-09-19,PP06,S1089,9.8
2026-09-19,PP06,S1090,16.4
2026-09-19,PP06,S1091,8.1
2026-09-19,PP06,S1092,10.0
2026-09-19,PP06,S1093,17.7
2026-09-19,PP06,S1094,15.9
2026-09-19,PP06,S1095,22.6
2026-09-19,PP06,S1096,10.7
2026-09-19,PP06,S1097,10.8
2026-09-19,PP06,S1098,15.7
2026-09-19,PP06,S1099,21.4
2026-09-19,PP06,S1100,9.5
2026-09-19,PP06,S1101,23.9
2026-09-19,PP06,S1102,16.2
2026-09-19,PP07,S1103,10.8
2026-09-19,PP07,S1104,6.7
2026-09-19,PP07,S1105,21.1
2026-09-19,PP07,S1106,21.4
2026-09-19,PP07,S1107,17.7
2026-09-19,PP07,S1108,13.0
2026-09-19,PP07,S1109,18.0
2026-09-19,PP07,S1110,8.9
2026-09-19,PP07,S1111,8.4
2026-09-19,PP07,S1112,16.4
2026-09-19,PP07,S1113,11.1
2026-09-19,PP07,S1114,13.6
2026-09-19,PP07,S1115,16.0
2026-09-19,PP07,S1116,10.8
2026-09-19,PP07,S1117,14.4
2026-09-19,PP07,S1118,11.7
2026-09-19,PP08,S1119,7.4
2026-09-19,PP08,S1120,14.0
2026-09-19,PP08,S1121,12.0
2026-09-19,PP08,S1122,17.4
2026-09-19,PP08,S1123,12.5
2026-09-19,PP08,S1124,16.1
2026-09-19,PP08,S1125,10.2
2026-09-19,PP08,S1126,11.0
2026-09-19,PP08,S1127,16.6
2026-09-19,PP08,S1128,12.8
2026-09-19,PP08,S1129,10.7
2026-09-19,PP08,S1130,10.0
2026-09-19,PP08,S1131,9.8
2026-09-19,PP08,S1132,12.2
2026-09-19,PP08,S1133,18.4
2026-09-19,PP08,S1134,13.4
2026-09-19,PP04,S1135,8.0
2026-09-19,PP07,S1136,0.0
2026-09-26,PP01,S1001,24.7
2026-09-26,PP01,S1002,21.3
2026-09-26,PP01,S1003,16.3
2026-09-26,PP01,S1004,23.3
2026-09-26,PP01,S1005,10.2
2026-09-26,PP01,S1006,13.1
2026-09-26,PP01,S1007,9.8
2026-09-26,PP01,S1008,19.3
2026-09-26,PP01,S1009,15.3
2026-09-26,PP01,S1010,9.9
2026-09-26,PP01,S1011,18.0
2026-09-26,PP01,S1012,21.9
2026-09-26,PP01,S1013,15.1
2026-09-26,PP01,S1014,11.8
2026-09-26,PP02,S1015,12.0
2026-09-26,PP02,S1016,10.4
2026-09-26,PP02,S1017,15.4
2026-09-26,PP02,S1018,8.7
2026-09-26,PP02,S1019,9.8
2026-09-26,PP02,S1020,12.9
2026-09-26,PP02,S1021,19.3
2026-09-26,PP02,S1022,15.3
2026-09-26,PP02,S1023,9.7
2026-09-26,PP02,S1024,14.0
2026-09-26,PP02,S1025,7.5
2026-09-26,PP02,S1026,10.4
2026-09-26,PP02,S1027,12.0
2026-09-26,PP02,S1028,11.4
2026-09-26,PP02,S1029,7.2
2026-09-26,PP02,S1030,14.4
2026-09-26,PP02,S1031,9.2
2026-09-26,PP02,S1032,14.5
2026-09-26,PP02,S1033,7.9
2026-09-26,PP03,S1034,13.5
2026-09-26,PP03,S1035,11.9
2026-09-26,PP03,S1036,18.5
2026-09-26,PP03,S1037,13.3
2026-09-26,PP03,S1038,21.1
2026-09-26,PP03,S1039,8.6
2026-09-26,PP03,S1040,14.5
2026-09-26,PP03,S1041,8.2
2026-09-26,PP03,S1042,23.5
2026-09-26,PP03,S1043,22.2
2026-09-26,PP03,S1044,22.5
2026-09-26,PP03,S1045,21.7
2026-09-26,PP03,S1046,20.5
2026-09-26,PP03,S1047,13.1
2026-09-26,PP03,S1048,14.4
2026-09-26,PP03,S1049,20.3
2026-09-26,PP03,S1050,11.8
2026-09-26,PP03,S1051,14.0
2026-09-26,PP03,S1052,10.1
2026-09-26,PP04,S1053,12.2
2026-09-26,PP04,S1054,13.8
2026-09-26,PP04,S1055,13.9
2026-09-26,PP04,S1056,8.0
2026-09-26,PP04,S1057,12.0
2026-09-26,PP04,S1058,28.9
2026-09-26,PP04,S1059,13.1
2026-09-26,PP04,S1060,19.0
2026-09-26,PP04,S1061,13.5
2026-09-26,PP04,S1062,11.2
2026-09-26,PP04,S1063,18.8
2026-09-26,PP04,S1064,14.5
2026-09-26,PP04,S1065,22.5
2026-09-26,PP04,S1066,7.5
2026-09-26,PP04,S1067,8.6
2026-09-26,PP05,S1068,14.3
2026-09-26,PP05,S1069,21.7
2026-09-26,PP05,S1070,11.2
2026-09-26,PP05,S1071,7.6
2026-09-26,PP05,S1072,17.0
2026-09-26,PP05,S1073,18.7
2026-09-26,PP05,S1074,12.9
2026-09-26,PP05,S1075,17.2
2026-09-26,PP05,S1076,8.7
2026-09-26,PP05,S1077,18.9
2026-09-26,PP05,S1078,12.0
2026-09-26,PP05,S1079,27.3
2026-09-26,PP05,S1080,21.7
2026-09-26,PP05,S1081,15.1
2026-09-26,PP05,S1082,14.4
2026-09-26,PP05,S1083,14.9
2026-09-26,PP05,S1084,26.3
2026-09-26,PP06,S1085,21.6
2026-09-26,PP06,S1086,9.6
2026-09-26,PP06,S1087,15.3
2026-09-26,PP06,S1088,10.7
2026-09-26,PP06,S1089,9.7
2026-09-26,PP06,S1090,16.2
2026-09-26,PP06,S1091,8.0
2026-09-26,PP06,S1092,9.8
2026-09-26,PP06,S1093,17.4
2026-09-26,PP06,S1094,15.7
2026-09-26,PP06,S1095,22.3
2026-09-26,PP06,S1096,10.6
2026-09-26,PP06,S1097,10.6
2026-09-26,PP06,S1098,15.5
2026-09-26,PP06,S1099,21.1
2026-09-26,PP06,S1100,9.3
2026-09-26,PP06,S1101,23.5
2026-09-26,PP06,S1102,16.0
2026-09-26,PP07,S1103,10.8
2026-09-26,PP07,S1104,6.7
2026-09-26,PP07,S1105,21.3
2026-09-26,PP07,S1106,21.6
2026-09-26,PP07,S1107,17.8
2026-09-26,PP07,S1108,13.1
2026-09-26,PP07,S1109,18.1
2026-09-26,PP07,S1110,9.0
2026-09-26,PP07,S1111,8.4
2026-09-26,PP07,S1112,16.5
2026-09-26,PP07,S1113,11.1
2026-09-26,PP07,S1114,13.7
2026-09-26,PP07,S1115,16.1
2026-09-26,PP07,S1116,10.9
2026-09-26,PP07,S1117,14.5
2026-09-26,PP07,S1118,11.8
2026-09-26,PP08,S1119,7.5
2026-09-26,PP08,S1120,14.1
2026-09-26,PP08,S1121,12.1
2026-09-26,PP08,S1122,17.5
2026-09-26,PP08,S1123,12.5
2026-09-26,PP08,S1124,16.2
2026-09-26,PP08,S1125,10.2
2026-09-26,PP08,S1126,11.1
2026-09-26,PP08,S1127,16.7
2026-09-26,PP08,S1128,12.9
2026-09-26,PP08,S1129,10.8
2026-09-26,PP08,S1130,10.0
2026-09-26,PP08,S1131,9.9
2026-09-26,PP08,S1132,12.3
2026-09-26,PP08,S1133,18.6
2026-09-26,PP08,S1134,13.5
2026-09-26,PP04,S1135,9.0
2026-09-26,PP07,S1136,0.0
2026-10-03,PP01,S1001,24.1
2026-10-03,PP01,S1002,20.9
2026-10-03,PP01,S1003,15.9
2026-10-03,PP01,S1004,22.8
2026-10-03,PP01,S1005,10.0
2026-10-03,PP01,S1006,12.8
2026-10-03,PP01,S1007,9.6
2026-10-03,PP01,S1008,18.8
2026-10-03,PP01,S1009,14.9
2026-10-03,PP01,S1010,9.7
2026-10-03,PP01,S1011,17.6
2026-10-03,PP01,S1012,21.4
2026-10-03,PP01,S1013,14.8
2026-10-03,PP01,S1014,11.5
2026-10-03,PP02,S1015,12.3
2026-10-03,PP02,S1016,10.6
2026-10-03,PP02,S1017,15.8
2026-10-03,PP02,S1018,8.9
2026-10-03,PP02,S1019,10.1
2026-10-03,PP02,S1020,13.2
2026-10-03,PP02,S1021,19.8
2026-10-03,PP02,S1022,15.7
2026-10-03,PP02,S1023,9.9
2026-10-03,PP02,S1024,14.3
2026-10-03,PP02,S1025,7.7
2026-10-03,PP02,S1026,10.6
2026-10-03,PP02,S1027,12.3
2026-10-03,PP02,S1028,11.7
2026-10-03,PP02,S1029,7.4
2026-10-03,PP02,S1030,14.8
2026-10-03,PP02,S1031,9.5
2026-10-03,PP02,S1032,14.9
2026-10-03,PP02,S1033,8.1
2026-10-03,PP03,S1034,13.3
2026-10-03,PP03,S1035,11.7
2026-10-03,PP03,S1036,18.2
2026-10-03,PP03,S1037,13.0
2026-10-03,PP03,S1038,20.7
2026-10-03,PP03,S1039,8.4
2026-10-03,PP03,S1040,14.3
2026-10-03,PP03,S1041,8.1
2026-10-03,PP03,S1042,23.1
2026-10-03,PP03,S1043,21.8
2026-10-03,PP03,S1044,22.1
2026-10-03,PP03,S1045,21.3
2026-10-03,PP03,S1046,20.2
2026-10-03,PP03,S1047,12.9
2026-10-03,PP03,S1048,14.2
2026-10-03,PP03,S1049,19.9
2026-10-03,PP03,S1050,11.6
2026-10-03,PP03,S1051,13.8
2026-10-03,PP03,S1052,9.9
2026-10-03,PP04,S1053,12.4
2026-10-03,PP04,S1054,14.1
2026-10-03,PP04,S1055,14.2
2026-10-03,PP04,S1056,8.1
2026-10-03,PP04,S1057,12.3
2026-10-03,PP04,S1058,29.5
2026-10-03,PP04,S1059,13.4
2026-10-03,PP04,S1060,19.4
2026-10-03,PP04,S1061,13.8
2026-10-03,PP04,S1062,11.5
2026-10-03,PP04,S1063,19.2
2026-10-03,PP04,S1064,14.9
2026-10-03,PP04,S1065,23.0
2026-10-03,PP04,S1066,7.6
2026-10-03,PP04,S1067,8.8
2026-10-03,PP05,S1068,14.5
2026-10-03,PP05,S1069,22.0
2026-10-03,PP05,S1070,11.3
2026-10-03,PP05,S1071,7.7
2026-10-03,PP05,S1072,17.2
2026-10-03,PP05,S1073,18.9
2026-10-03,PP05,S1074,13.0
2026-10-03,PP05,S1075,17.3
2026-10-03,PP05,S1076,8.7
2026-10-03,PP05,S1077,19.2
2026-10-03,PP05,S1078,12.1
2026-10-03,PP05,S1079,27.6
2026-10-03,PP05,S1080,22.0
2026-10-03,PP05,S1081,15.2
2026-10-03,PP05,S1082,14.5
2026-10-03,PP05,S1083,15.1
2026-10-03,PP05,S1084,26.6
2026-10-03,PP06,S1085,21.9
2026-10-03,PP06,S1086,9.8
2026-10-03,PP06,S1087,15.5
2026-10-03,PP06,S1088,10.9
2026-10-03,PP06,S1089,9.8
2026-10-03,PP06,S1090,16.4
2026-10-03,PP06,S1091,8.1
2026-10-03,PP06,S1092,10.0
2026-10-03,PP06,S1093,17.7
2026-10-03,PP06,S1094,15.9
2026-10-03,PP06,S1095,22.6
2026-10-03,PP06,S1096,10.7
2026-10-03,PP06,S1097,10.8
2026-10-03,PP06,S1098,15.7
2026-10-03,PP06,S1099,21.4
2026-10-03,PP06,S1100,9.5
2026-10-03,PP06,S1101,23.9
2026-10-03,PP06,S1102,16.3
2026-10-03,PP07,S1103,10.7
2026-10-03,PP07,S1104,6.7
2026-10-03,PP07,S1105,21.1
2026-10-03,PP07,S1106,21.4
2026-10-03,PP07,S1107,17.7
2026-10-03,PP07,S1108,13.0
2026-10-03,PP07,S1109,17.9
2026-10-03,PP07,S1110,8.9
2026-10-03,PP07,S1111,8.4
2026-10-03,PP07,S1112,16.4
2026-10-03,PP07,S1113,11.0
2026-10-03,PP07,S1114,13.6
2026-10-03,PP07,S1115,16.0
2026-10-03,PP07,S1116,10.8
2026-10-03,PP07,S1117,14.4
2026-10-03,PP07,S1118,11.7
2026-10-03,PP08,S1119,7.6
2026-10-03,PP08,S1120,14.4
2026-10-03,PP08,S1121,12.3
2026-10-03,PP08,S1122,17.8
2026-10-03,PP08,S1123,12.8
2026-10-03,PP08,S1124,16.5
2026-10-03,PP08,S1125,10.4
2026-10-03,PP08,S1126,11.3
2026-10-03,PP08,S1127,17.0
2026-10-03,PP08,S1128,13.1
2026-10-03,PP08,S1129,11.0
2026-10-03,PP08,S1130,10.2
2026-10-03,PP08,S1131,10.1
2026-10-03,PP08,S1132,12.6
2026-10-03,PP08,S1133,18.9
2026-10-03,PP08,S1134,13.7
2026-10-03,PP04,S1135,9.9
2026-10-03,PP07,S1136,0.0
2026-10-10,PP01,S1001,25.4
2026-10-10,PP01,S1002,22.0
2026-10-10,PP01,S1003,16.7
2026-10-10,PP01,S1004,24.0
2026-10-10,PP01,S1005,10.5
2026-10-10,PP01,S1006,13.4
2026-10-10,PP01,S1007,10.1
2026-10-10,PP01,S1008,19.8
2026-10-10,PP01,S1009,15.7
2026-10-10,PP01,S1010,10.2
2026-10-10,PP01,S1011,18.5
2026-10-10,PP01,S1012,22.6
2026-10-10,PP01,S1013,15.6
2026-10-10,PP01,S1014,12.2
2026-10-10,PP02,S1015,12.4
2026-10-10,PP02,S1016,10.8
2026-10-10,PP02,S1017,16.0
2026-10-10,PP02,S1018,9.0
2026-10-10,PP02,S1019,10.2
2026-10-10,PP02,S1020,13.4
2026-10-10,PP02,S1021,20.0
2026-10-10,PP02,S1022,15.9
2026-10-10,PP02,S1023,10.0
2026-10-10,PP02,S1024,14.5
2026-10-10,PP02,S1025,7.8
2026-10-10,PP02,S1026,10.8
2026-10-10,PP02,S1027,12.5
2026-10-10,PP02,S1028,11.8
2026-10-10,PP02,S1029,7.5
2026-10-10,PP02,S1030,14.9
2026-10-10,PP02,S1031,9.6
2026-10-10,PP02,S1032,15.1
2026-10-10,PP02,S1033,8.2
2026-10-10,PP03,S1034,13.8
2026-10-10,PP03,S1035,12.2
2026-10-10,PP03,S1036,18.9
2026-10-10,PP03,S1037,13.6
2026-10-10,PP03,S1038,21.6
2026-10-10,PP03,S1039,8.8
2026-10-10,PP03,S1040,14.9
2026-10-10,PP03,S1041,8.4
2026-10-10,PP03,S1042,24.1
2026-10-10,PP03,S1043,22.8
2026-10-10,PP03,S1044,23.1
2026-10-10,PP03,S1045,22.2
2026-10-10,PP03,S1046,21.1
2026-10-10,PP03,S1047,13.4
2026-10-10,PP03,S1048,14.8
2026-10-10,PP03,S1049,20.8
2026-10-10,PP03,S1050,12.0
2026-10-10,PP03,S1051,14.3
2026-10-10,PP03,S1052,10.3
2026-10-10,PP04,S1053,12.3
2026-10-10,PP04,S1054,14.0
2026-10-10,PP04,S1055,14.1
2026-10-10,PP04,S1056,8.1
2026-10-10,PP04,S1057,12.2
2026-10-10,PP04,S1058,29.3
2026-10-10,PP04,S1059,13.3
2026-10-10,PP04,S1060,19.3
2026-10-10,PP04,S1061,13.7
2026-10-10,PP04,S1062,11.4
2026-10-10,PP04,S1063,19.1
2026-10-10,PP04,S1064,14.8
2026-10-10,PP04,S1065,22.9
2026-10-10,PP04,S1066,7.6
2026-10-10,PP04,S1067,8.7
2026-10-10,PP05,S1068,14.9
2026-10-10,PP05,S1069,22.7
2026-10-10,PP05,S1070,11.7
2026-10-10,PP05,S1071,7.9
2026-10-10,PP05,S1072,17.7
2026-10-10,PP05,S1073,19.5
2026-10-10,PP05,S1074,13.4
2026-10-10,PP05,S1075,17.9
2026-10-10,PP05,S1076,9.0
2026-10-10,PP05,S1077,19.7
2026-10-10,PP05,S1078,12.5
2026-10-10,PP05,S1079,28.5
2026-10-10,PP05,S1080,22.7
2026-10-10,PP05,S1081,15.7
2026-10-10,PP05,S1082,15.0
2026-10-10,PP05,S1083,15.6
2026-10-10,PP05,S1084,27.4
2026-10-10,PP06,S1085,22.0
2026-10-10,PP06,S1086,9.8
2026-10-10,PP06,S1087,15.6
2026-10-10,PP06,S1088,10.9
2026-10-10,PP06,S1089,9.8
2026-10-10,PP06,S1090,16.4
2026-10-10,PP06,S1091,8.1
2026-10-10,PP06,S1092,10.0
2026-10-10,PP06,S1093,17.7
2026-10-10,PP06,S1094,15.9
2026-10-10,PP06,S1095,22.7
2026-10-10,PP06,S1096,10.7
2026-10-10,PP06,S1097,10.8
2026-10-10,PP06,S1098,15.8
2026-10-10,PP06,S1099,21.5
2026-10-10,PP06,S1100,9.5
2026-10-10,PP06,S1101,23.9
2026-10-10,PP06,S1102,16.3
2026-10-10,PP07,S1103,11.2
2026-10-10,PP07,S1104,6.9
2026-10-10,PP07,S1105,22.0
2026-10-10,PP07,S1106,22.3
2026-10-10,PP07,S1107,18.4
2026-10-10,PP07,S1108,13.5
2026-10-10,PP07,S1109,18.7
2026-10-10,PP07,S1110,9.3
2026-10-10,PP07,S1111,8.7
2026-10-10,PP07,S1112,17.0
2026-10-10,PP07,S1113,11.5
2026-10-10,PP07,S1114,14.1
2026-10-10,PP07,S1115,16.7
2026-10-10,PP07,S1116,11.3
2026-10-10,PP07,S1117,15.0
2026-10-10,PP07,S1118,12.2
2026-10-10,PP08,S1119,7.6
2026-10-10,PP08,S1120,14.3
2026-10-10,PP08,S1121,12.3
2026-10-10,PP08,S1122,17.8
2026-10-10,PP08,S1123,12.7
2026-10-10,PP08,S1124,16.5
2026-10-10,PP08,S1125,10.4
2026-10-10,PP08,S1126,11.3
2026-10-10,PP08,S1127,17.0
2026-10-10,PP08,S1128,13.1
2026-10-10,PP08,S1129,11.0
2026-10-10,PP08,S1130,10.2
2026-10-10,PP08,S1131,10.0
2026-10-10,PP08,S1132,12.5
2026-10-10,PP08,S1133,18.9
2026-10-10,PP08,S1134,13.7
2026-10-10,PP04,S1135,10.7
2026-10-10,PP07,S1136,0.0
2026-10-17,PP01,S1001,26.1
2026-10-17,PP01,S1002,22.6
2026-10-17,PP01,S1003,17.2
2026-10-17,PP01,S1004,24.7
2026-10-17,PP01,S1005,10.8
2026-10-17,PP01,S1006,13.8
2026-10-17,PP01,S1007,10.4
2026-10-17,PP01,S1008,20.4
2026-10-17,PP01,S1009,16.2
2026-10-17,PP01,S1010,10.5
2026-10-17,PP01,S1011,19.1
2026-10-17,PP01,S1012,23.2
2026-10-17,PP01,S1013,16.0
2026-10-17,PP01,S1014,12.5
2026-10-17,PP02,S1015,13.1
2026-10-17,PP02,S1016,11.3
2026-10-17,PP02,S1017,16.8
2026-10-17,PP02,S1018,9.5
2026-10-17,PP02,S1019,10.7
2026-10-17,PP02,S1020,14.1
2026-10-17,PP02,S1021,21.0
2026-10-17,PP02,S1022,16.7
2026-10-17,PP02,S1023,10.6
2026-10-17,PP02,S1024,15.2
2026-10-17,PP02,S1025,8.2
2026-10-17,PP02,S1026,11.3
2026-10-17,PP02,S1027,13.1
2026-10-17,PP02,S1028,12.4
2026-10-17,PP02,S1029,7.9
2026-10-17,PP02,S1030,15.7
2026-10-17,PP02,S1031,10.1
2026-10-17,PP02,S1032,15.9
2026-10-17,PP02,S1033,8.6
2026-10-17,PP03,S1034,14.2
2026-10-17,PP03,S1035,12.5
2026-10-17,PP03,S1036,19.4
2026-10-17,PP03,S1037,14.0
2026-10-17,PP03,S1038,22.1
2026-10-17,PP03,S1039,9.0
2026-10-17,PP03,S1040,15.2
2026-10-17,PP03,S1041,8.6
2026-10-17,PP03,S1042,24.7
2026-10-17,PP03,S1043,23.4
2026-10-17,PP03,S1044,23.7
2026-10-17,PP03,S1045,22.8
2026-10-17,PP03,S1046,21.6
2026-10-17,PP03,S1047,13.8
2026-10-17,PP03,S1048,15.2
2026-10-17,PP03,S1049,21.3
2026-10-17,PP03,S1050,12.4
2026-10-17,PP03,S1051,14.7
2026-10-17,PP03,S1052,10.6
2026-10-17,PP04,S1053,13.4
2026-10-17,PP04,S1054,15.2
2026-10-17,PP04,S1055,15.3
2026-10-17,PP04,S1056,8.8
2026-10-17,PP04,S1057,13.2
2026-10-17,PP04,S1058,31.8
2026-10-17,PP04,S1059,14.4
2026-10-17,PP04,S1060,20.9
2026-10-17,PP04,S1061,14.9
2026-10-17,PP04,S1062,12.3
2026-10-17,PP04,S1063,20.7
2026-10-17,PP04,S1064,16.0
2026-10-17,PP04,S1065,24.8
2026-10-17,PP04,S1066,8.2
2026-10-17,PP04,S1067,9.5
2026-10-17,PP05,S1068,15.6
2026-10-17,PP05,S1069,23.7
2026-10-17,PP05,S1070,12.3
2026-10-17,PP05,S1071,8.3
2026-10-17,PP05,S1072,18.6
2026-10-17,PP05,S1073,20.4
2026-10-17,PP05,S1074,14.0
2026-10-17,PP05,S1075,18.7
2026-10-17,PP05,S1076,9.4
2026-10-17,PP05,S1077,20.7
2026-10-17,PP05,S1078,13.1
2026-10-17,PP05,S1079,29.8
2026-10-17,PP05,S1080,23.7
2026-10-17,PP05,S1081,16.5
2026-10-17,PP05,S1082,15.7
2026-10-17,PP05,S1083,16.3
2026-10-17,PP05,S1084,28.7
2026-10-17,PP06,S1085,23.3
2026-10-17,PP06,S1086,10.4
2026-10-17,PP06,S1087,16.5
2026-10-17,PP06,S1088,11.5
2026-10-17,PP06,S1089,10.4
2026-10-17,PP06,S1090,17.4
2026-10-17,PP06,S1091,8.6
2026-10-17,PP06,S1092,10.6
2026-10-17,PP06,S1093,18.8
2026-10-17,PP06,S1094,16.9
2026-10-17,PP06,S1095,24.0
2026-10-17,PP06,S1096,11.4
2026-10-17,PP06,S1097,11.5
2026-10-17,PP06,S1098,16.7
2026-10-17,PP06,S1099,22.8
2026-10-17,PP06,S1100,10.0
2026-10-17,PP06,S1101,25.3
2026-10-17,PP06,S1102,17.3
2026-10-17,PP07,S1103,11.5
2026-10-17,PP07,S1104,7.1
2026-10-17,PP07,S1105,22.6
2026-10-17,PP07,S1106,22.9
2026-10-17,PP07,S1107,18.9
2026-10-17,PP07,S1108,13.8
2026-10-17,PP07,S1109,19.1
2026-10-17,PP07,S1110,9.5
2026-10-17,PP07,S1111,8.9
2026-10-17,PP07,S1112,17.5
2026-10-17,PP07,S1113,11.8
2026-10-17,PP07,S1114,14.5
2026-10-17,PP07,S1115,17.1
2026-10-17,PP07,S1116,11.6
2026-10-17,PP07,S1117,15.3
2026-10-17,PP07,S1118,12.5
2026-10-17,PP08,S1119,8.0
2026-10-17,PP08,S1120,15.2
2026-10-17,PP08,S1121,13.0
2026-10-17,PP08,S1122,18.8
2026-10-17,PP08,S1123,13.5
2026-10-17,PP08,S1124,17.4
2026-10-17,PP08,S1125,11.0
2026-10-17,PP08,S1126,12.0
2026-10-17,PP08,S1127,18.0
2026-10-17,PP08,S1128,13.9
2026-10-17,PP08,S1129,11.7
2026-10-17,PP08,S1130,10.8
2026-10-17,PP08,S1131,10.7
2026-10-17,PP08,S1132,13.3
2026-10-17,PP08,S1133,20.0
2026-10-17,PP08,S1134,14.5
2026-10-17,PP04,S1135,12.5
2026-10-17,PP07,S1136,8.4
2026-10-24,PP01,S1001,27.4
2026-10-24,PP01,S1002,23.7
2026-10-24,PP01,S1003,18.1
2026-10-24,PP01,S1004,25.9
2026-10-24,PP01,S1005,11.3
2026-10-24,PP01,S1006,14.5
2026-10-24,PP01,S1007,10.9
2026-10-24,PP01,S1008,21.4
2026-10-24,PP01,S1009,17.0
2026-10-24,PP01,S1010,11.0
2026-10-24,PP01,S1011,20.0
2026-10-24,PP01,S1012,24.4
2026-10-24,PP01,S1013,16.8
2026-10-24,PP01,S1014,13.1
2026-10-24,PP02,S1015,13.6
2026-10-24,PP02,S1016,11.8
2026-10-24,PP02,S1017,17.5
2026-10-24,PP02,S1018,9.9
2026-10-24,PP02,S1019,11.2
2026-10-24,PP02,S1020,14.7
2026-10-24,PP02,S1021,21.9
2026-10-24,PP02,S1022,17.4
2026-10-24,PP02,S1023,11.0
2026-10-24,PP02,S1024,15.9
2026-10-24,PP02,S1025,8.6
2026-10-24,PP02,S1026,11.8
2026-10-24,PP02,S1027,13.7
2026-10-24,PP02,S1028,13.0
2026-10-24,PP02,S1029,8.2
2026-10-24,PP02,S1030,16.4
2026-10-24,PP02,S1031,10.5
2026-10-24,PP02,S1032,16.5
2026-10-24,PP02,S1033,9.0
2026-10-24,PP03,S1034,15.1
2026-10-24,PP03,S1035,13.4
2026-10-24,PP03,S1036,20.7
2026-10-24,PP03,S1037,14.9
2026-10-24,PP03,S1038,23.6
2026-10-24,PP03,S1039,9.6
2026-10-24,PP03,S1040,16.3
2026-10-24,PP03,S1041,9.2
2026-10-24,PP03,S1042,26.4
2026-10-24,PP03,S1043,24.9
2026-10-24,PP03,S1044,25.3
2026-10-24,PP03,S1045,24.4
2026-10-24,PP03,S1046,23.1
2026-10-24,PP03,S1047,14.7
2026-10-24,PP03,S1048,16.2
2026-10-24,PP03,S1049,22.8
2026-10-24,PP03,S1050,13.2
2026-10-24,PP03,S1051,15.7
2026-10-24,PP03,S1052,11.3
2026-10-24,PP04,S1053,13.6
2026-10-24,PP04,S1054,15.4
2026-10-24,PP04,S1055,15.5
2026-10-24,PP04,S1056,8.9
2026-10-24,PP04,S1057,13.4
2026-10-24,PP04,S1058,32.2
2026-10-24,PP04,S1059,14.6
2026-10-24,PP04,S1060,21.2
2026-10-24,PP04,S1061,15.1
2026-10-24,PP04,S1062,12.5
2026-10-24,PP04,S1063,21.0
2026-10-24,PP04,S1064,16.2
2026-10-24,PP04,S1065,25.1
2026-10-24,PP04,S1066,8.3
2026-10-24,PP04,S1067,9.6
2026-10-24,PP05,S1068,16.7
2026-10-24,PP05,S1069,25.3
2026-10-24,PP05,S1070,13.1
2026-10-24,PP05,S1071,8.8
2026-10-24,PP05,S1072,19.8
2026-10-24,PP05,S1073,21.8
2026-10-24,PP05,S1074,15.0
2026-10-24,PP05,S1075,20.0
2026-10-24,PP05,S1076,10.1
2026-10-24,PP05,S1077,22.1
2026-10-24,PP05,S1078,14.0
2026-10-24,PP05,S1079,31.8
2026-10-24,PP05,S1080,25.3
2026-10-24,PP05,S1081,17.6
2026-10-24,PP05,S1082,16.7
2026-10-24,PP05,S1083,17.4
2026-10-24,PP05,S1084,30.6
2026-10-24,PP06,S1085,23.9
2026-10-24,PP06,S1086,10.6
2026-10-24,PP06,S1087,16.9
2026-10-24,PP06,S1088,11.8
2026-10-24,PP06,S1089,10.7
2026-10-24,PP06,S1090,17.8
2026-10-24,PP06,S1091,8.8
2026-10-24,PP06,S1092,10.8
2026-10-24,PP06,S1093,19.2
2026-10-24,PP06,S1094,17.3
2026-10-24,PP06,S1095,24.6
2026-10-24,PP06,S1096,11.6
2026-10-24,PP06,S1097,11.7
2026-10-24,PP06,S1098,17.1
2026-10-24,PP06,S1099,23.3
2026-10-24,PP06,S1100,10.3
2026-10-24,PP06,S1101,25.9
2026-10-24,PP06,S1102,17.7
2026-10-24,PP07,S1103,12.1
2026-10-24,PP07,S1104,7.5
2026-10-24,PP07,S1105,23.7
2026-10-24,PP07,S1106,24.1
2026-10-24,PP07,S1107,19.9
2026-10-24,PP07,S1108,14.6
2026-10-24,PP07,S1109,20.2
2026-10-24,PP07,S1110,10.0
2026-10-24,PP07,S1111,9.4
2026-10-24,PP07,S1112,18.4
2026-10-24,PP07,S1113,12.4
2026-10-24,PP07,S1114,15.2
2026-10-24,PP07,S1115,18.0
2026-10-24,PP07,S1116,12.2
2026-10-24,PP07,S1117,16.2
2026-10-24,PP07,S1118,13.2
2026-10-24,PP08,S1119,8.4
2026-10-24,PP08,S1120,15.9
2026-10-24,PP08,S1121,13.6
2026-10-24,PP08,S1122,19.7
2026-10-24,PP08,S1123,14.1
2026-10-24,PP08,S1124,18.2
2026-10-24,PP08,S1125,11.5
2026-10-24,PP08,S1126,12.5
2026-10-24,PP08,S1127,18.8
2026-10-24,PP08,S1128,14.5
2026-10-24,PP08,S1129,12.2
2026-10-24,PP08,S1130,11.3
2026-10-24,PP08,S1131,11.1
2026-10-24,PP08,S1132,13.9
2026-10-24,PP08,S1133,20.9
2026-10-24,PP08,S1134,15.2
2026-10-24,PP04,S1135,13.4
2026-10-24,PP07,S1136,9.6
2026-10-31,PP01,S1001,28.4
2026-10-31,PP01,S1002,24.5
2026-10-31,PP01,S1003,18.7
2026-10-31,PP01,S1004,26.8
2026-10-31,PP01,S1005,11.7
2026-10-31,PP01,S1006,15.0
2026-10-31,PP01,S1007,11.3
2026-10-31,PP01,S1008,22.2
2026-10-31,PP01,S1009,17.6
2026-10-31,PP01,S1010,11.4
2026-10-31,PP01,S1011,20.7
2026-10-31,PP01,S1012,25.2
2026-10-31,PP01,S1013,17.4
2026-10-31,PP01,S1014,13.6
2026-10-31,PP02,S1015,13.9
2026-10-31,PP02,S1016,12.1
2026-10-31,PP02,S1017,17.9
2026-10-31,PP02,S1018,10.1
2026-10-31,PP02,S1019,11.4
2026-10-31,PP02,S1020,15.0
2026-10-31,PP02,S1021,22.4
2026-10-31,PP02,S1022,17.8
2026-10-31,PP02,S1023,11.2
2026-10-31,PP02,S1024,16.2
2026-10-31,PP02,S1025,8.7
2026-10-31,PP02,S1026,12.1
2026-10-31,PP02,S1027,14.0
2026-10-31,PP02,S1028,13.2
2026-10-31,PP02,S1029,8.4
2026-10-31,PP02,S1030,16.7
2026-10-31,PP02,S1031,10.7
2026-10-31,PP02,S1032,16.9
2026-10-31,PP02,S1033,9.1
2026-10-31,PP03,S1034,15.9
2026-10-31,PP03,S1035,14.0
2026-10-31,PP03,S1036,21.8
2026-10-31,PP03,S1037,15.7
2026-10-31,PP03,S1038,24.8
2026-10-31,PP03,S1039,10.1
2026-10-31,PP03,S1040,17.1
2026-10-31,PP03,S1041,9.7
2026-10-31,PP03,S1042,27.7
2026-10-31,PP03,S1043,26.2
2026-10-31,PP03,S1044,26.5
2026-10-31,PP03,S1045,25.6
2026-10-31,PP03,S1046,24.2
2026-10-31,PP03,S1047,15.5
2026-10-31,PP03,S1048,17.0
2026-10-31,PP03,S1049,23.9
2026-10-31,PP03,S1050,13.9
2026-10-31,PP03,S1051,16.5
2026-10-31,PP03,S1052,11.9
2026-10-31,PP04,S1053,14.1
2026-10-31,PP04,S1054,16.1
2026-10-31,PP04,S1055,16.2
2026-10-31,PP04,S1056,9.3
2026-10-31,PP04,S1057,14.0
2026-10-31,PP04,S1058,33.6
2026-10-31,PP04,S1059,15.2
2026-10-31,PP04,S1060,22.0
2026-10-31,PP04,S1061,15.7
2026-10-31,PP04,S1062,13.0
2026-10-31,PP04,S1063,21.9
2026-10-31,PP04,S1064,16.9
2026-10-31,PP04,S1065,26.2
2026-10-31,PP04,S1066,8.7
2026-10-31,PP04,S1067,10.0
2026-10-31,PP05,S1068,16.7
2026-10-31,PP05,S1069,25.4
2026-10-31,PP05,S1070,13.1
2026-10-31,PP05,S1071,8.9
2026-10-31,PP05,S1072,19.9
2026-10-31,PP05,S1073,21.9
2026-10-31,PP05,S1074,15.0
2026-10-31,PP05,S1075,20.1
2026-10-31,PP05,S1076,10.1
2026-10-31,PP05,S1077,22.2
2026-10-31,PP05,S1078,14.0
2026-10-31,PP05,S1079,31.9
2026-10-31,PP05,S1080,25.4
2026-10-31,PP05,S1081,17.6
2026-10-31,PP05,S1082,16.8
2026-10-31,PP05,S1083,17.5
2026-10-31,PP05,S1084,30.8
2026-10-31,PP06,S1085,25.3
2026-10-31,PP06,S1086,11.3
2026-10-31,PP06,S1087,17.9
2026-10-31,PP06,S1088,12.5
2026-10-31,PP06,S1089,11.3
2026-10-31,PP06,S1090,18.9
2026-10-31,PP06,S1091,9.4
2026-10-31,PP06,S1092,11.5
2026-10-31,PP06,S1093,20.4
2026-10-31,PP06,S1094,18.3
2026-10-31,PP06,S1095,26.1
2026-10-31,PP06,S1096,12.4
2026-10-31,PP06,S1097,12.5
2026-10-31,PP06,S1098,18.2
2026-10-31,PP06,S1099,24.7
2026-10-31,PP06,S1100,10.9
2026-10-31,PP06,S1101,27.6
2026-10-31,PP06,S1102,18.8
2026-10-31,PP07,S1103,12.2
2026-10-31,PP07,S1104,7.6
2026-10-31,PP07,S1105,24.0
2026-10-31,PP07,S1106,24.3
2026-10-31,PP07,S1107,20.1
2026-10-31,PP07,S1108,14.7
2026-10-31,PP07,S1109,20.3
2026-10-31,PP07,S1110,10.1
2026-10-31,PP07,S1111,9.5
2026-10-31,PP07,S1112,18.6
2026-10-31,PP07,S1113,12.5
2026-10-31,PP07,S1114,15.4
2026-10-31,PP07,S1115,18.2
2026-10-31,PP07,S1116,12.3
2026-10-31,PP07,S1117,16.3
2026-10-31,PP07,S1118,13.3
2026-10-31,PP08,S1119,8.6
2026-10-31,PP08,S1120,16.3
2026-10-31,PP08,S1121,14.0
2026-10-31,PP08,S1122,20.2
2026-10-31,PP08,S1123,14.5
2026-10-31,PP08,S1124,18.7
2026-10-31,PP08,S1125,11.8
2026-10-31,PP08,S1126,12.8
2026-10-31,PP08,S1127,19.3
2026-10-31,PP08,S1128,14.9
2026-10-31,PP08,S1129,12.5
2026-10-31,PP08,S1130,11.6
2026-10-31,PP08,S1131,11.4
2026-10-31,PP08,S1132,14.2
2026-10-31,PP08,S1133,21.4
2026-10-31,PP08,S1134,15.5
2026-10-31,PP04,S1135,15.0
2026-10-31,PP07,S1136,10.6
2026-11-07,PP01,S1001,29.7
2026-11-07,PP01,S1002,25.7
2026-11-07,PP01,S1003,19.5
2026-11-07,PP01,S1004,28.1
2026-11-07,PP01,S1005,12.3
2026-11-07,PP01,S1006,15.7
2026-11-07,PP01,S1007,11.8
2026-11-07,PP01,S1008,23.2
2026-11-07,PP01,S1009,18.4
2026-11-07,PP01,S1010,11.9
2026-11-07,PP01,S1011,21.7
2026-11-07,PP01,S1012,26.4
2026-11-07,PP01,S1013,18.2
2026-11-07,PP01,S1014,14.2
2026-11-07,PP02,S1015,15.1
2026-11-07,PP02,S1016,13.1
2026-11-07,PP02,S1017,19.4
2026-11-07,PP02,S1018,10.9
2026-11-07,PP02,S1019,12.4
2026-11-07,PP02,S1020,16.2
2026-11-07,PP02,S1021,24.3
2026-11-07,PP02,S1022,19.3
2026-11-07,PP02,S1023,12.2
2026-11-07,PP02,S1024,17.6
2026-11-07,PP02,S1025,9.5
2026-11-07,PP02,S1026,13.1
2026-11-07,PP02,S1027,15.2
2026-11-07,PP02,S1028,14.4
2026-11-07,PP02,S1029,9.1
2026-11-07,PP02,S1030,18.1
2026-11-07,PP02,S1031,11.6
2026-11-07,PP02,S1032,18.3
2026-11-07,PP02,S1033,9.9
2026-11-07,PP03,S1034,16.2
2026-11-07,PP03,S1035,14.3
2026-11-07,PP03,S1036,22.1
2026-11-07,PP03,S1037,15.9
2026-11-07,PP03,S1038,25.3
2026-11-07,PP03,S1039,10.3
2026-11-07,PP03,S1040,17.4
2026-11-07,PP03,S1041,9.9
2026-11-07,PP03,S1042,28.2
2026-11-07,PP03,S1043,26.6
2026-11-07,PP03,S1044,27.0
2026-11-07,PP03,S1045,26.0
2026-11-07,PP03,S1046,24.6
2026-11-07,PP03,S1047,15.7
2026-11-07,PP03,S1048,17.3
2026-11-07,PP03,S1049,24.3
2026-11-07,PP03,S1050,14.1
2026-11-07,PP03,S1051,16.8
2026-11-07,PP03,S1052,12.1
2026-11-07,PP04,S1053,14.6
2026-11-07,PP04,S1054,16.6
2026-11-07,PP04,S1055,16.7
2026-11-07,PP04,S1056,9.6
2026-11-07,PP04,S1057,14.4
2026-11-07,PP04,S1058,34.6
2026-11-07,PP04,S1059,15.7
2026-11-07,PP04,S1060,22.7
2026-11-07,PP04,S1061,16.2
2026-11-07,PP04,S1062,13.5
2026-11-07,PP04,S1063,22.6
2026-11-07,PP04,S1064,17.5
2026-11-07,PP04,S1065,27.0
2026-11-07,PP04,S1066,8.9
2026-11-07,PP04,S1067,10.3
2026-11-07,PP05,S1068,17.6
2026-11-07,PP05,S1069,26.7
2026-11-07,PP05,S1070,13.8
2026-11-07,PP05,S1071,9.3
2026-11-07,PP05,S1072,20.9
2026-11-07,PP05,S1073,23.0
2026-11-07,PP05,S1074,15.8
2026-11-07,PP05,S1075,21.1
2026-11-07,PP05,S1076,10.6
2026-11-07,PP05,S1077,23.3
2026-11-07,PP05,S1078,14.8
2026-11-07,PP05,S1079,33.6
2026-11-07,PP05,S1080,26.7
2026-11-07,PP05,S1081,18.5
2026-11-07,PP05,S1082,17.7
2026-11-07,PP05,S1083,18.4
2026-11-07,PP05,S1084,32.3
2026-11-07,PP06,S1085,26.4
2026-11-07,PP06,S1086,11.8
2026-11-07,PP06,S1087,18.7
2026-11-07,PP06,S1088,13.1
2026-11-07,PP06,S1089,11.8
2026-11-07,PP06,S1090,19.8
2026-11-07,PP06,S1091,9.8
2026-11-07,PP06,S1092,12.0
2026-11-07,PP06,S1093,21.3
2026-11-07,PP06,S1094,19.1
2026-11-07,PP06,S1095,27.2
2026-11-07,PP06,S1096,12.9
2026-11-07,PP06,S1097,13.0
2026-11-07,PP06,S1098,19.0
2026-11-07,PP06,S1099,25.8
2026-11-07,PP06,S1100,11.4
2026-11-07,PP06,S1101,28.8
2026-11-07,PP06,S1102,19.6
2026-11-07,PP07,S1103,13.1
2026-11-07,PP07,S1104,8.2
2026-11-07,PP07,S1105,25.8
2026-11-07,PP07,S1106,26.2
2026-11-07,PP07,S1107,21.7
2026-11-07,PP07,S1108,15.9
2026-11-07,PP07,S1109,21.9
2026-11-07,PP07,S1110,10.9
2026-11-07,PP07,S1111,10.2
2026-11-07,PP07,S1112,20.0
2026-11-07,PP07,S1113,13.5
2026-11-07,PP07,S1114,16.6
2026-11-07,PP07,S1115,19.6
2026-11-07,PP07,S1116,13.2
2026-11-07,PP07,S1117,17.6
2026-11-07,PP07,S1118,14.3
2026-11-07,PP08,S1119,9.2
2026-11-07,PP08,S1120,17.4
2026-11-07,PP08,S1121,14.9
2026-11-07,PP08,S1122,21.6
2026-11-07,PP08,S1123,15.5
2026-11-07,PP08,S1124,20.0
2026-11-07,PP08,S1125,12.6
2026-11-07,PP08,S1126,13.7
2026-11-07,PP08,S1127,20.6
2026-11-07,PP08,S1128,15.9
2026-11-07,PP08,S1129,13.4
2026-11-07,PP08,S1130,12.4
2026-11-07,PP08,S1131,12.2
2026-11-07,PP08,S1132,15.2
2026-11-07,PP08,S1133,22.9
2026-11-07,PP08,S1134,16.6
2026-11-07,PP04,S1135,16.2
2026-11-07,PP07,S1136,12.5
2026-11-14,PP01,S1001,32.9
2026-11-14,PP01,S1002,28.4
2026-11-14,PP01,S1003,21.7
2026-11-14,PP01,S1004,31.1
2026-11-14,PP01,S1005,13.6
2026-11-14,PP01,S1006,17.4
2026-11-14,PP01,S1007,13.1
2026-11-14,PP01,S1008,25.7
2026-11-14,PP01,S1009,20.4
2026-11-14,PP01,S1010,13.2
2026-11-14,PP01,S1011,24.0
2026-11-14,PP01,S1012,29.2
2026-11-14,PP01,S1013,20.2
2026-11-14,PP01,S1014,15.7
2026-11-14,PP02,S1015,16.1
2026-11-14,PP02,S1016,14.0
2026-11-14,PP02,S1017,20.8
2026-11-14,PP02,S1018,11.7
2026-11-14,PP02,S1019,13.2
2026-11-14,PP02,S1020,17.4
2026-11-14,PP02,S1021,26.0
2026-11-14,PP02,S1022,20.7
2026-11-14,PP02,S1023,13.0
2026-11-14,PP02,S1024,18.8
2026-11-14,PP02,S1025,10.1
2026-11-14,PP02,S1026,14.0
2026-11-14,PP02,S1027,16.2
2026-11-14,PP02,S1028,15.4
2026-11-14,PP02,S1029,9.8
2026-11-14,PP02,S1030,19.4
2026-11-14,PP02,S1031,12.5
2026-11-14,PP02,S1032,19.6
2026-11-14,PP02,S1033,10.6
2026-11-14,PP03,S1034,17.7
2026-11-14,PP03,S1035,15.6
2026-11-14,PP03,S1036,24.3
2026-11-14,PP03,S1037,17.4
2026-11-14,PP03,S1038,27.7
2026-11-14,PP03,S1039,11.3
2026-11-14,PP03,S1040,19.0
2026-11-14,PP03,S1041,10.8
2026-11-14,PP03,S1042,30.9
2026-11-14,PP03,S1043,29.2
2026-11-14,PP03,S1044,29.6
2026-11-14,PP03,S1045,28.5
2026-11-14,PP03,S1046,27.0
2026-11-14,PP03,S1047,17.2
2026-11-14,PP03,S1048,18.9
2026-11-14,PP03,S1049,26.6
2026-11-14,PP03,S1050,15.4
2026-11-14,PP03,S1051,18.4
2026-11-14,PP03,S1052,13.3
2026-11-14,PP04,S1053,15.8
2026-11-14,PP04,S1054,17.9
2026-11-14,PP04,S1055,18.0
2026-11-14,PP04,S1056,10.3
2026-11-14,PP04,S1057,15.6
2026-11-14,PP04,S1058,37.5
2026-11-14,PP04,S1059,17.0
2026-11-14,PP04,S1060,24.6
2026-11-14,PP04,S1061,17.6
2026-11-14,PP04,S1062,14.6
2026-11-14,PP04,S1063,24.4
2026-11-14,PP04,S1064,18.9
2026-11-14,PP04,S1065,29.2
2026-11-14,PP04,S1066,9.7
2026-11-14,PP04,S1067,11.2
2026-11-14,PP05,S1068,18.9
2026-11-14,PP05,S1069,28.8
2026-11-14,PP05,S1070,14.9
2026-11-14,PP05,S1071,10.0
2026-11-14,PP05,S1072,22.5
2026-11-14,PP05,S1073,24.8
2026-11-14,PP05,S1074,17.0
2026-11-14,PP05,S1075,22.7
2026-11-14,PP05,S1076,11.5
2026-11-14,PP05,S1077,25.1
2026-11-14,PP05,S1078,15.9
2026-11-14,PP05,S1079,36.2
2026-11-14,PP05,S1080,28.8
2026-11-14,PP05,S1081,20.0
2026-11-14,PP05,S1082,19.0
2026-11-14,PP05,S1083,19.8
2026-11-14,PP05,S1084,34.8
2026-11-14,PP06,S1085,27.9
2026-11-14,PP06,S1086,12.4
2026-11-14,PP06,S1087,19.7
2026-11-14,PP06,S1088,13.8
2026-11-14,PP06,S1089,12.5
2026-11-14,PP06,S1090,20.9
2026-11-14,PP06,S1091,10.3
2026-11-14,PP06,S1092,12.7
2026-11-14,PP06,S1093,22.5
2026-11-14,PP06,S1094,20.2
2026-11-14,PP06,S1095,28.7
2026-11-14,PP06,S1096,13.6
2026-11-14,PP06,S1097,13.7
2026-11-14,PP06,S1098,20.0
2026-11-14,PP06,S1099,27.2
2026-11-14,PP06,S1100,12.0
2026-11-14,PP06,S1101,30.3
2026-11-14,PP06,S1102,20.7
2026-11-14,PP07,S1103,14.1
2026-11-14,PP07,S1104,8.8
2026-11-14,PP07,S1105,27.8
2026-11-14,PP07,S1106,28.2
2026-11-14,PP07,S1107,23.3
2026-11-14,PP07,S1108,17.1
2026-11-14,PP07,S1109,23.6
2026-11-14,PP07,S1110,11.7
2026-11-14,PP07,S1111,11.0
2026-11-14,PP07,S1112,21.5
2026-11-14,PP07,S1113,14.5
2026-11-14,PP07,S1114,17.8
2026-11-14,PP07,S1115,21.1
2026-11-14,PP07,S1116,14.2
2026-11-14,PP07,S1117,18.9
2026-11-14,PP07,S1118,15.4
2026-11-14,PP08,S1119,10.3
2026-11-14,PP08,S1120,19.4
2026-11-14,PP08,S1121,16.7
2026-11-14,PP08,S1122,24.1
2026-11-14,PP08,S1123,17.3
2026-11-14,PP08,S1124,22.3
2026-11-14,PP08,S1125,14.1
2026-11-14,PP08,S1126,15.3
2026-11-14,PP08,S1127,23.0
2026-11-14,PP08,S1128,17.8
2026-11-14,PP08,S1129,14.9
2026-11-14,PP08,S1130,13.8
2026-11-14,PP08,S1131,13.6
2026-11-14,PP08,S1132,17.0
2026-11-14,PP08,S1133,25.5
2026-11-14,PP08,S1134,18.5
2026-11-14,PP04,S1135,17.8
2026-11-14,PP07,S1136,14.5
2026-11-21,PP01,S1001,35.6
2026-11-21,PP01,S1002,30.8
2026-11-21,PP01,S1003,23.4
2026-11-21,PP01,S1004,33.6
2026-11-21,PP01,S1005,14.7
2026-11-21,PP01,S1006,18.8
2026-11-21,PP01,S1007,14.2
2026-11-21,PP01,S1008,27.8
2026-11-21,PP01,S1009,22.0
2026-11-21,PP01,S1010,14.3
2026-11-21,PP01,S1011,26.0
2026-11-21,PP01,S1012,31.6
2026-11-21,PP01,S1013,21.8
2026-11-21,PP01,S1014,17.0
2026-11-21,PP02,S1015,17.2
2026-11-21,PP02,S1016,14.9
2026-11-21,PP02,S1017,22.1
2026-11-21,PP02,S1018,12.4
2026-11-21,PP02,S1019,14.1
2026-11-21,PP02,S1020,18.5
2026-11-21,PP02,S1021,27.7
2026-11-21,PP02,S1022,22.0
2026-11-21,PP02,S1023,13.9
2026-11-21,PP02,S1024,20.1
2026-11-21,PP02,S1025,10.8
2026-11-21,PP02,S1026,14.9
2026-11-21,PP02,S1027,17.3
2026-11-21,PP02,S1028,16.4
2026-11-21,PP02,S1029,10.4
2026-11-21,PP02,S1030,20.7
2026-11-21,PP02,S1031,13.3
2026-11-21,PP02,S1032,20.9
2026-11-21,PP02,S1033,11.3
2026-11-21,PP03,S1034,18.5
2026-11-21,PP03,S1035,16.3
2026-11-21,PP03,S1036,25.3
2026-11-21,PP03,S1037,18.2
2026-11-21,PP03,S1038,28.8
2026-11-21,PP03,S1039,11.8
2026-11-21,PP03,S1040,19.8
2026-11-21,PP03,S1041,11.3
2026-11-21,PP03,S1042,32.2
2026-11-21,PP03,S1043,30.4
2026-11-21,PP03,S1044,30.8
2026-11-21,PP03,S1045,29.7
2026-11-21,PP03,S1046,28.1
2026-11-21,PP03,S1047,18.0
2026-11-21,PP03,S1048,19.7
2026-11-21,PP03,S1049,27.7
2026-11-21,PP03,S1050,16.1
2026-11-21,PP03,S1051,19.2
2026-11-21,PP03,S1052,13.8
2026-11-21,PP04,S1053,17.3
2026-11-21,PP04,S1054,19.7
2026-11-21,PP04,S1055,19.8
2026-11-21,PP04,S1056,11.4
2026-11-21,PP04,S1057,17.1
2026-11-21,PP04,S1058,41.2
2026-11-21,PP04,S1059,18.7
2026-11-21,PP04,S1060,27.0
2026-11-21,PP04,S1061,19.3
2026-11-21,PP04,S1062,16.0
2026-11-21,PP04,S1063,26.8
2026-11-21,PP04,S1064,20.7
2026-11-21,PP04,S1065,32.1
2026-11-21,PP04,S1066,10.6
2026-11-21,PP04,S1067,12.3
2026-11-21,PP05,S1068,20.1
2026-11-21,PP05,S1069,30.5
2026-11-21,PP05,S1070,15.7
2026-11-21,PP05,S1071,10.6
2026-11-21,PP05,S1072,23.9
2026-11-21,PP05,S1073,26.3
2026-11-21,PP05,S1074,18.1
2026-11-21,PP05,S1075,24.1
2026-11-21,PP05,S1076,12.1
2026-11-21,PP05,S1077,26.6
2026-11-21,PP05,S1078,16.9
2026-11-21,PP05,S1079,38.3
2026-11-21,PP05,S1080,30.5
2026-11-21,PP05,S1081,21.2
2026-11-21,PP05,S1082,20.2
2026-11-21,PP05,S1083,21.0
2026-11-21,PP05,S1084,36.9
2026-11-21,PP06,S1085,29.3
2026-11-21,PP06,S1086,13.0
2026-11-21,PP06,S1087,20.7
2026-11-21,PP06,S1088,14.5
2026-11-21,PP06,S1089,13.1
2026-11-21,PP06,S1090,21.9
2026-11-21,PP06,S1091,10.8
2026-11-21,PP06,S1092,13.3
2026-11-21,PP06,S1093,23.5
2026-11-21,PP06,S1094,21.2
2026-11-21,PP06,S1095,30.2
2026-11-21,PP06,S1096,14.3
2026-11-21,PP06,S1097,14.4
2026-11-21,PP06,S1098,21.0
2026-11-21,PP06,S1099,28.6
2026-11-21,PP06,S1100,12.6
2026-11-21,PP06,S1101,31.8
2026-11-21,PP06,S1102,21.7
2026-11-21,PP07,S1103,15.1
2026-11-21,PP07,S1104,9.4
2026-11-21,PP07,S1105,29.7
2026-11-21,PP07,S1106,30.1
2026-11-21,PP07,S1107,24.9
2026-11-21,PP07,S1108,18.2
2026-11-21,PP07,S1109,25.2
2026-11-21,PP07,S1110,12.5
2026-11-21,PP07,S1111,11.8
2026-11-21,PP07,S1112,23.0
2026-11-21,PP07,S1113,15.5
2026-11-21,PP07,S1114,19.1
2026-11-21,PP07,S1115,22.5
2026-11-21,PP07,S1116,15.2
2026-11-21,PP07,S1117,20.2
2026-11-21,PP07,S1118,16.5
2026-11-21,PP08,S1119,10.5
2026-11-21,PP08,S1120,19.8
2026-11-21,PP08,S1121,17.0
2026-11-21,PP08,S1122,24.6
2026-11-21,PP08,S1123,17.6
2026-11-21,PP08,S1124,22.8
2026-11-21,PP08,S1125,14.4
2026-11-21,PP08,S1126,15.6
2026-11-21,PP08,S1127,23.5
2026-11-21,PP08,S1128,18.1
2026-11-21,PP08,S1129,15.2
2026-11-21,PP08,S1130,14.1
2026-11-21,PP08,S1131,13.9
2026-11-21,PP08,S1132,17.3
2026-11-21,PP08,S1133,26.1
2026-11-21,PP08,S1134,18.9
2026-11-21,PP04,S1135,19.4
2026-11-21,PP07,S1136,16.2
2026-11-28,PP01,S1001,36.6
2026-11-28,PP01,S1002,31.7
2026-11-28,PP01,S1003,24.1
2026-11-28,PP01,S1004,34.7
2026-11-28,PP01,S1005,15.1
2026-11-28,PP01,S1006,19.4
2026-11-28,PP01,S1007,14.6
2026-11-28,PP01,S1008,28.6
2026-11-28,PP01,S1009,22.7
2026-11-28,PP01,S1010,14.7
2026-11-28,PP01,S1011,26.8
2026-11-28,PP01,S1012,32.6
2026-11-28,PP01,S1013,22.5
2026-11-28,PP01,S1014,17.5
2026-11-28,PP02,S1015,18.5
2026-11-28,PP02,S1016,16.1
2026-11-28,PP02,S1017,23.8
2026-11-28,PP02,S1018,13.4
2026-11-28,PP02,S1019,15.2
2026-11-28,PP02,S1020,20.0
2026-11-28,PP02,S1021,29.8
2026-11-28,PP02,S1022,23.7
2026-11-28,PP02,S1023,15.0
2026-11-28,PP02,S1024,21.6
2026-11-28,PP02,S1025,11.6
2026-11-28,PP02,S1026,16.1
2026-11-28,PP02,S1027,18.6
2026-11-28,PP02,S1028,17.6
2026-11-28,PP02,S1029,11.2
2026-11-28,PP02,S1030,22.3
2026-11-28,PP02,S1031,14.3
2026-11-28,PP02,S1032,22.5
2026-11-28,PP02,S1033,12.2
2026-11-28,PP03,S1034,19.8
2026-11-28,PP03,S1035,17.5
2026-11-28,PP03,S1036,27.1
2026-11-28,PP03,S1037,19.5
2026-11-28,PP03,S1038,30.9
2026-11-28,PP03,S1039,12.6
2026-11-28,PP03,S1040,21.3
2026-11-28,PP03,S1041,12.1
2026-11-28,PP03,S1042,34.5
2026-11-28,PP03,S1043,32.6
2026-11-28,PP03,S1044,33.0
2026-11-28,PP03,S1045,31.9
2026-11-28,PP03,S1046,30.2
2026-11-28,PP03,S1047,19.3
2026-11-28,PP03,S1048,21.2
2026-11-28,PP03,S1049,29.8
2026-11-28,PP03,S1050,17.3
2026-11-28,PP03,S1051,20.5
2026-11-28,PP03,S1052,14.8
2026-11-28,PP04,S1053,18.6
2026-11-28,PP04,S1054,21.2
2026-11-28,PP04,S1055,21.3
2026-11-28,PP04,S1056,12.2
2026-11-28,PP04,S1057,18.4
2026-11-28,PP04,S1058,44.3
2026-11-28,PP04,S1059,20.1
2026-11-28,PP04,S1060,29.1
2026-11-28,PP04,S1061,20.8
2026-11-28,PP04,S1062,17.2
2026-11-28,PP04,S1063,28.9
2026-11-28,PP04,S1064,22.3
2026-11-28,PP04,S1065,34.5
2026-11-28,PP04,S1066,11.4
2026-11-28,PP04,S1067,13.2
2026-11-28,PP05,S1068,21.7
2026-11-28,PP05,S1069,33.0
2026-11-28,PP05,S1070,17.0
2026-11-28,PP05,S1071,11.5
2026-11-28,PP05,S1072,25.8
2026-11-28,PP05,S1073,28.4
2026-11-28,PP05,S1074,19.5
2026-11-28,PP05,S1075,26.1
2026-11-28,PP05,S1076,13.1
2026-11-28,PP05,S1077,28.8
2026-11-28,PP05,S1078,18.2
2026-11-28,PP05,S1079,41.5
2026-11-28,PP05,S1080,33.0
2026-11-28,PP05,S1081,22.9
2026-11-28,PP05,S1082,21.8
2026-11-28,PP05,S1083,22.7
2026-11-28,PP05,S1084,40.0
2026-11-28,PP06,S1085,32.9
2026-11-28,PP06,S1086,14.6
2026-11-28,PP06,S1087,23.2
2026-11-28,PP06,S1088,16.3
2026-11-28,PP06,S1089,14.7
2026-11-28,PP06,S1090,24.6
2026-11-28,PP06,S1091,12.2
2026-11-28,PP06,S1092,14.9
2026-11-28,PP06,S1093,26.5
2026-11-28,PP06,S1094,23.8
2026-11-28,PP06,S1095,33.9
2026-11-28,PP06,S1096,16.0
2026-11-28,PP06,S1097,16.2
2026-11-28,PP06,S1098,23.6
2026-11-28,PP06,S1099,32.1
2026-11-28,PP06,S1100,14.2
2026-11-28,PP06,S1101,35.8
2026-11-28,PP06,S1102,24.4
2026-11-28,PP07,S1103,16.4
2026-11-28,PP07,S1104,10.2
2026-11-28,PP07,S1105,32.2
2026-11-28,PP07,S1106,32.6
2026-11-28,PP07,S1107,27.0
2026-11-28,PP07,S1108,19.8
2026-11-28,PP07,S1109,27.3
2026-11-28,PP07,S1110,13.6
2026-11-28,PP07,S1111,12.8
2026-11-28,PP07,S1112,25.0
2026-11-28,PP07,S1113,16.8
2026-11-28,PP07,S1114,20.7
2026-11-28,PP07,S1115,24.4
2026-11-28,PP07,S1116,16.5
2026-11-28,PP07,S1117,21.9
2026-11-28,PP07,S1118,17.8
2026-11-28,PP08,S1119,11.7
2026-11-28,PP08,S1120,22.2
2026-11-28,PP08,S1121,19.0
2026-11-28,PP08,S1122,27.5
2026-11-28,PP08,S1123,19.7
2026-11-28,PP08,S1124,25.5
2026-11-28,PP08,S1125,16.1
2026-11-28,PP08,S1126,17.5
2026-11-28,PP08,S1127,26.3
2026-11-28,PP08,S1128,20.3
2026-11-28,PP08,S1129,17.0
2026-11-28,PP08,S1130,15.8
2026-11-28,PP08,S1131,15.5
2026-11-28,PP08,S1132,19.4
2026-11-28,PP08,S1133,29.2
2026-11-28,PP08,S1134,21.2
2026-11-28,PP04,S1135,21.2
2026-11-28,PP07,S1136,18.9
2026-12-05,PP01,S1001,38.9
2026-12-05,PP01,S1002,33.6
2026-12-05,PP01,S1003,25.6
2026-12-05,PP01,S1004,36.8
2026-12-05,PP01,S1005,16.1
2026-12-05,PP01,S1006,20.6
2026-12-05,PP01,S1007,15.5
2026-12-05,PP01,S1008,30.4
2026-12-05,PP01,S1009,24.1
2026-12-05,PP01,S1010,15.6
2026-12-05,PP01,S1011,28.4
2026-12-05,PP01,S1012,34.6
2026-12-05,PP01,S1013,23.8
2026-12-05,PP01,S1014,18.6
2026-12-05,PP02,S1015,19.5
2026-12-05,PP02,S1016,17.0
2026-12-05,PP02,S1017,25.2
2026-12-05,PP02,S1018,14.2
2026-12-05,PP02,S1019,16.0
2026-12-05,PP02,S1020,21.1
2026-12-05,PP02,S1021,31.5
2026-12-05,PP02,S1022,25.0
2026-12-05,PP02,S1023,15.8
2026-12-05,PP02,S1024,22.8
2026-12-05,PP02,S1025,12.3
2026-12-05,PP02,S1026,17.0
2026-12-05,PP02,S1027,19.7
2026-12-05,PP02,S1028,18.6
2026-12-05,PP02,S1029,11.8
2026-12-05,PP02,S1030,23.5
2026-12-05,PP02,S1031,15.1
2026-12-05,PP02,S1032,23.8
2026-12-05,PP02,S1033,12.9
2026-12-05,PP03,S1034,21.3
2026-12-05,PP03,S1035,18.8
2026-12-05,PP03,S1036,29.1
2026-12-05,PP03,S1037,20.9
2026-12-05,PP03,S1038,33.2
2026-12-05,PP03,S1039,13.5
2026-12-05,PP03,S1040,22.9
2026-12-05,PP03,S1041,13.0
2026-12-05,PP03,S1042,37.1
2026-12-05,PP03,S1043,35.1
2026-12-05,PP03,S1044,35.5
2026-12-05,PP03,S1045,34.3
2026-12-05,PP03,S1046,32.4
2026-12-05,PP03,S1047,20.7
2026-12-05,PP03,S1048,22.8
2026-12-05,PP03,S1049,32.0
2026-12-05,PP03,S1050,18.6
2026-12-05,PP03,S1051,22.1
2026-12-05,PP03,S1052,15.9
2026-12-05,PP04,S1053,19.4
2026-12-05,PP04,S1054,22.1
2026-12-05,PP04,S1055,22.2
2026-12-05,PP04,S1056,12.7
2026-12-05,PP04,S1057,19.2
2026-12-05,PP04,S1058,46.2
2026-12-05,PP04,S1059,21.0
2026-12-05,PP04,S1060,30.3
2026-12-05,PP04,S1061,21.6
2026-12-05,PP04,S1062,17.9
2026-12-05,PP04,S1063,30.1
2026-12-05,PP04,S1064,23.3
2026-12-05,PP04,S1065,36.0
2026-12-05,PP04,S1066,11.9
2026-12-05,PP04,S1067,13.8
2026-12-05,PP05,S1068,23.3
2026-12-05,PP05,S1069,35.4
2026-12-05,PP05,S1070,18.3
2026-12-05,PP05,S1071,12.3
2026-12-05,PP05,S1072,27.7
2026-12-05,PP05,S1073,30.5
2026-12-05,PP05,S1074,20.9
2026-12-05,PP05,S1075,27.9
2026-12-05,PP05,S1076,14.1
2026-12-05,PP05,S1077,30.8
2026-12-05,PP05,S1078,19.5
2026-12-05,PP05,S1079,44.4
2026-12-05,PP05,S1080,35.4
2026-12-05,PP05,S1081,24.5
2026-12-05,PP05,S1082,23.4
2026-12-05,PP05,S1083,24.3
2026-12-05,PP05,S1084,42.8
2026-12-05,PP06,S1085,34.0
2026-12-05,PP06,S1086,15.1
2026-12-05,PP06,S1087,24.0
2026-12-05,PP06,S1088,16.8
2026-12-05,PP06,S1089,15.2
2026-12-05,PP06,S1090,25.4
2026-12-05,PP06,S1091,12.6
2026-12-05,PP06,S1092,15.4
2026-12-05,PP06,S1093,27.3
2026-12-05,PP06,S1094,24.6
2026-12-05,PP06,S1095,35.0
2026-12-05,PP06,S1096,16.6
2026-12-05,PP06,S1097,16.7
2026-12-05,PP06,S1098,24.4
2026-12-05,PP06,S1099,33.2
2026-12-05,PP06,S1100,14.6
2026-12-05,PP06,S1101,36.9
2026-12-05,PP06,S1102,25.2
2026-12-05,PP07,S1103,17.2
2026-12-05,PP07,S1104,10.7
2026-12-05,PP07,S1105,33.8
2026-12-05,PP07,S1106,34.3
2026-12-05,PP07,S1107,28.4
2026-12-05,PP07,S1108,20.8
2026-12-05,PP07,S1109,28.7
2026-12-05,PP07,S1110,14.3
2026-12-05,PP07,S1111,13.4
2026-12-05,PP07,S1112,26.2
2026-12-05,PP07,S1113,17.7
2026-12-05,PP07,S1114,21.7
2026-12-05,PP07,S1115,25.7
2026-12-05,PP07,S1116,17.3
2026-12-05,PP07,S1117,23.0
2026-12-05,PP07,S1118,18.8
2026-12-05,PP08,S1119,12.2
2026-12-05,PP08,S1120,23.1
2026-12-05,PP08,S1121,19.8
2026-12-05,PP08,S1122,28.6
2026-12-05,PP08,S1123,20.5
2026-12-05,PP08,S1124,26.5
2026-12-05,PP08,S1125,16.7
2026-12-05,PP08,S1126,18.1
2026-12-05,PP08,S1127,27.3
2026-12-05,PP08,S1128,21.1
2026-12-05,PP08,S1129,17.7
2026-12-05,PP08,S1130,16.4
2026-12-05,PP08,S1131,16.2
2026-12-05,PP08,S1132,20.1
2026-12-05,PP08,S1133,30.3
2026-12-05,PP08,S1134,22.0
2026-12-05,PP04,S1135,21.8
2026-12-05,PP07,S1136,21.1
2026-12-12,PP01,S1001,38.8
2026-12-12,PP01,S1002,33.6
2026-12-12,PP01,S1003,25.5
2026-12-12,PP01,S1004,36.7
2026-12-12,PP01,S1005,16.0
2026-12-12,PP01,S1006,20.6
2026-12-12,PP01,S1007,15.4
2026-12-12,PP01,S1008,30.3
2026-12-12,PP01,S1009,24.0
2026-12-12,PP01,S1010,15.6
2026-12-12,PP01,S1011,28.3
2026-12-12,PP01,S1012,34.5
2026-12-12,PP01,S1013,23.8
2026-12-12,PP01,S1014,18.6
2026-12-12,PP02,S1015,19.2
2026-12-12,PP02,S1016,16.6
2026-12-12,PP02,S1017,24.7
2026-12-12,PP02,S1018,13.9
2026-12-12,PP02,S1019,15.7
2026-12-12,PP02,S1020,20.6
2026-12-12,PP02,S1021,30.9
2026-12-12,PP02,S1022,24.5
2026-12-12,PP02,S1023,15.5
2026-12-12,PP02,S1024,22.4
2026-12-12,PP02,S1025,12.0
2026-12-12,PP02,S1026,16.6
2026-12-12,PP02,S1027,19.3
2026-12-12,PP02,S1028,18.2
2026-12-12,PP02,S1029,11.6
2026-12-12,PP02,S1030,23.1
2026-12-12,PP02,S1031,14.8
2026-12-12,PP02,S1032,23.3
2026-12-12,PP02,S1033,12.6
2026-12-12,PP03,S1034,21.3
2026-12-12,PP03,S1035,18.8
2026-12-12,PP03,S1036,29.2
2026-12-12,PP03,S1037,21.0
2026-12-12,PP03,S1038,33.3
2026-12-12,PP03,S1039,13.6
2026-12-12,PP03,S1040,22.9
2026-12-12,PP03,S1041,13.0
2026-12-12,PP03,S1042,37.1
2026-12-12,PP03,S1043,35.1
2026-12-12,PP03,S1044,35.5
2026-12-12,PP03,S1045,34.3
2026-12-12,PP03,S1046,32.5
2026-12-12,PP03,S1047,20.7
2026-12-12,PP03,S1048,22.8
2026-12-12,PP03,S1049,32.0
2026-12-12,PP03,S1050,18.6
2026-12-12,PP03,S1051,22.1
2026-12-12,PP03,S1052,15.9
2026-12-12,PP04,S1053,19.8
2026-12-12,PP04,S1054,22.5
2026-12-12,PP04,S1055,22.6
2026-12-12,PP04,S1056,13.0
2026-12-12,PP04,S1057,19.5
2026-12-12,PP04,S1058,47.0
2026-12-12,PP04,S1059,21.3
2026-12-12,PP04,S1060,30.9
2026-12-12,PP04,S1061,22.0
2026-12-12,PP04,S1062,18.3
2026-12-12,PP04,S1063,30.6
2026-12-12,PP04,S1064,23.7
2026-12-12,PP04,S1065,36.6
2026-12-12,PP04,S1066,12.1
2026-12-12,PP04,S1067,14.0
2026-12-12,PP05,S1068,23.1
2026-12-12,PP05,S1069,35.2
2026-12-12,PP05,S1070,18.2
2026-12-12,PP05,S1071,12.3
2026-12-12,PP05,S1072,27.5
2026-12-12,PP05,S1073,30.3
2026-12-12,PP05,S1074,20.8
2026-12-12,PP05,S1075,27.8
2026-12-12,PP05,S1076,14.0
2026-12-12,PP05,S1077,30.6
2026-12-12,PP05,S1078,19.4
2026-12-12,PP05,S1079,44.2
2026-12-12,PP05,S1080,35.2
2026-12-12,PP05,S1081,24.4
2026-12-12,PP05,S1082,23.2
2026-12-12,PP05,S1083,24.2
2026-12-12,PP05,S1084,42.6
2026-12-12,PP06,S1085,33.8
2026-12-12,PP06,S1086,15.0
2026-12-12,PP06,S1087,23.9
2026-12-12,PP06,S1088,16.7
2026-12-12,PP06,S1089,15.1
2026-12-12,PP06,S1090,25.3
2026-12-12,PP06,S1091,12.5
2026-12-12,PP06,S1092,15.4
2026-12-12,PP06,S1093,27.2
2026-12-12,PP06,S1094,24.5
2026-12-12,PP06,S1095,34.8
2026-12-12,PP06,S1096,16.5
2026-12-12,PP06,S1097,16.6
2026-12-12,PP06,S1098,24.3
2026-12-12,PP06,S1099,33.0
2026-12-12,PP06,S1100,14.6
2026-12-12,PP06,S1101,36.8
2026-12-12,PP06,S1102,25.1
2026-12-12,PP07,S1103,17.0
2026-12-12,PP07,S1104,10.6
2026-12-12,PP07,S1105,33.5
2026-12-12,PP07,S1106,33.9
2026-12-12,PP07,S1107,28.1
2026-12-12,PP07,S1108,20.6
2026-12-12,PP07,S1109,28.4
2026-12-12,PP07,S1110,14.1
2026-12-12,PP07,S1111,13.3
2026-12-12,PP07,S1112,26.0
2026-12-12,PP07,S1113,17.5
2026-12-12,PP07,S1114,21.5
2026-12-12,PP07,S1115,25.4
2026-12-12,PP07,S1116,17.2
2026-12-12,PP07,S1117,22.8
2026-12-12,PP07,S1118,18.6
2026-12-12,PP08,S1119,12.0
2026-12-12,PP08,S1120,22.6
2026-12-12,PP08,S1121,19.4
2026-12-12,PP08,S1122,28.0
2026-12-12,PP08,S1123,20.1
2026-12-12,PP08,S1124,26.0
2026-12-12,PP08,S1125,16.4
2026-12-12,PP08,S1126,17.8
2026-12-12,PP08,S1127,26.8
2026-12-12,PP08,S1128,20.7
2026-12-12,PP08,S1129,17.4
2026-12-12,PP08,S1130,16.1
2026-12-12,PP08,S1131,15.9
2026-12-12,PP08,S1132,19.8
2026-12-12,PP08,S1133,29.8
2026-12-12,PP08,S1134,21.6
2026-12-12,PP04,S1135,22.6
2026-12-12,PP07,S1136,22.4
2026-12-19,PP01,S1001,33.7
2026-12-19,PP01,S1002,29.2
2026-12-19,PP01,S1003,22.2
2026-12-19,PP01,S1004,31.9
2026-12-19,PP01,S1005,13.9
2026-12-19,PP01,S1006,17.9
2026-12-19,PP01,S1007,13.4
2026-12-19,PP01,S1008,26.3
2026-12-19,PP01,S1009,20.9
2026-12-19,PP01,S1010,13.5
2026-12-19,PP01,S1011,24.6
2026-12-19,PP01,S1012,30.0
2026-12-19,PP01,S1013,20.7
2026-12-19,PP01,S1014,16.1
2026-12-19,PP02,S1015,16.8
2026-12-19,PP02,S1016,14.6
2026-12-19,PP02,S1017,21.7
2026-12-19,PP02,S1018,12.2
2026-12-19,PP02,S1019,13.8
2026-12-19,PP02,S1020,18.1
2026-12-19,PP02,S1021,27.1
2026-12-19,PP02,S1022,21.6
2026-12-19,PP02,S1023,13.6
2026-12-19,PP02,S1024,19.7
2026-12-19,PP02,S1025,10.6
2026-12-19,PP02,S1026,14.6
2026-12-19,PP02,S1027,16.9
2026-12-19,PP02,S1028,16.0
2026-12-19,PP02,S1029,10.2
2026-12-19,PP02,S1030,20.3
2026-12-19,PP02,S1031,13.0
2026-12-19,PP02,S1032,20.5
2026-12-19,PP02,S1033,11.1
2026-12-19,PP03,S1034,18.7
2026-12-19,PP03,S1035,16.5
2026-12-19,PP03,S1036,25.7
2026-12-19,PP03,S1037,18.4
2026-12-19,PP03,S1038,29.3
2026-12-19,PP03,S1039,11.9
2026-12-19,PP03,S1040,20.2
2026-12-19,PP03,S1041,11.4
2026-12-19,PP03,S1042,32.7
2026-12-19,PP03,S1043,30.9
2026-12-19,PP03,S1044,31.3
2026-12-19,PP03,S1045,30.2
2026-12-19,PP03,S1046,28.6
2026-12-19,PP03,S1047,18.2
2026-12-19,PP03,S1048,20.1
2026-12-19,PP03,S1049,28.2
2026-12-19,PP03,S1050,16.3
2026-12-19,PP03,S1051,19.5
2026-12-19,PP03,S1052,14.0
2026-12-19,PP04,S1053,16.8
2026-12-19,PP04,S1054,19.1
2026-12-19,PP04,S1055,19.2
2026-12-19,PP04,S1056,11.0
2026-12-19,PP04,S1057,16.6
2026-12-19,PP04,S1058,40.0
2026-12-19,PP04,S1059,18.1
2026-12-19,PP04,S1060,26.2
2026-12-19,PP04,S1061,18.7
2026-12-19,PP04,S1062,15.5
2026-12-19,PP04,S1063,26.0
2026-12-19,PP04,S1064,20.1
2026-12-19,PP04,S1065,31.1
2026-12-19,PP04,S1066,10.3
2026-12-19,PP04,S1067,11.9
2026-12-19,PP05,S1068,20.4
2026-12-19,PP05,S1069,31.0
2026-12-19,PP05,S1070,16.0
2026-12-19,PP05,S1071,10.8
2026-12-19,PP05,S1072,24.2
2026-12-19,PP05,S1073,26.7
2026-12-19,PP05,S1074,18.3
2026-12-19,PP05,S1075,24.4
2026-12-19,PP05,S1076,12.3
2026-12-19,PP05,S1077,27.0
2026-12-19,PP05,S1078,17.1
2026-12-19,PP05,S1079,38.9
2026-12-19,PP05,S1080,31.0
2026-12-19,PP05,S1081,21.5
2026-12-19,PP05,S1082,20.5
2026-12-19,PP05,S1083,21.3
2026-12-19,PP05,S1084,37.5
2026-12-19,PP06,S1085,30.4
2026-12-19,PP06,S1086,13.5
2026-12-19,PP06,S1087,21.5
2026-12-19,PP06,S1088,15.0
2026-12-19,PP06,S1089,13.6
2026-12-19,PP06,S1090,22.7
2026-12-19,PP06,S1091,11.2
2026-12-19,PP06,S1092,13.8
2026-12-19,PP06,S1093,24.4
2026-12-19,PP06,S1094,22.0
2026-12-19,PP06,S1095,31.3
2026-12-19,PP06,S1096,14.8
2026-12-19,PP06,S1097,14.9
2026-12-19,PP06,S1098,21.8
2026-12-19,PP06,S1099,29.6
2026-12-19,PP06,S1100,13.1
2026-12-19,PP06,S1101,33.0
2026-12-19,PP06,S1102,22.5
2026-12-19,PP07,S1103,15.3
2026-12-19,PP07,S1104,9.5
2026-12-19,PP07,S1105,30.0
2026-12-19,PP07,S1106,30.4
2026-12-19,PP07,S1107,25.2
2026-12-19,PP07,S1108,18.4
2026-12-19,PP07,S1109,25.5
2026-12-19,PP07,S1110,12.6
2026-12-19,PP07,S1111,11.9
2026-12-19,PP07,S1112,23.3
2026-12-19,PP07,S1113,15.7
2026-12-19,PP07,S1114,19.3
2026-12-19,PP07,S1115,22.7
2026-12-19,PP07,S1116,15.4
2026-12-19,PP07,S1117,20.4
2026-12-19,PP07,S1118,16.6
2026-12-19,PP08,S1119,10.6
2026-12-19,PP08,S1120,20.0
2026-12-19,PP08,S1121,17.2
2026-12-19,PP08,S1122,24.8
2026-12-19,PP08,S1123,17.8
2026-12-19,PP08,S1124,23.0
2026-12-19,PP08,S1125,14.5
2026-12-19,PP08,S1126,15.7
2026-12-19,PP08,S1127,23.7
2026-12-19,PP08,S1128,18.3
2026-12-19,PP08,S1129,15.3
2026-12-19,PP08,S1130,14.2
2026-12-19,PP08,S1131,14.0
2026-12-19,PP08,S1132,17.5
2026-12-19,PP08,S1133,26.3
2026-12-19,PP08,S1134,19.1
2026-12-19,PP04,S1135,19.1
2026-12-19,PP07,S1136,20.3
2026-12-26,PP01,S1001,28.8
2026-12-26,PP01,S1002,24.9
2026-12-26,PP01,S1003,19.0
2026-12-26,PP01,S1004,27.2
2026-12-26,PP01,S1005,11.9
2026-12-26,PP01,S1006,15.3
2026-12-26,PP01,S1007,11.5
2026-12-26,PP01,S1008,22.5
2026-12-26,PP01,S1009,17.8
2026-12-26,PP01,S1010,11.5
2026-12-26,PP01,S1011,21.0
2026-12-26,PP01,S1012,25.6
2026-12-26,PP01,S1013,17.7
2026-12-26,PP01,S1014,13.8
2026-12-26,PP02,S1015,14.2
2026-12-26,PP02,S1016,12.3
2026-12-26,PP02,S1017,18.2
2026-12-26,PP02,S1018,10.3
2026-12-26,PP02,S1019,11.6
2026-12-26,PP02,S1020,15.3
2026-12-26,PP02,S1021,22.8
2026-12-26,PP02,S1022,18.1
2026-12-26,PP02,S1023,11.4
2026-12-26,PP02,S1024,16.5
2026-12-26,PP02,S1025,8.9
2026-12-26,PP02,S1026,12.3
2026-12-26,PP02,S1027,14.2
2026-12-26,PP02,S1028,13.5
2026-12-26,PP02,S1029,8.6
2026-12-26,PP02,S1030,17.0
2026-12-26,PP02,S1031,10.9
2026-12-26,PP02,S1032,17.2
2026-12-26,PP02,S1033,9.3
2026-12-26,PP03,S1034,16.3
2026-12-26,PP03,S1035,14.4
2026-12-26,PP03,S1036,22.3
2026-12-26,PP03,S1037,16.0
2026-12-26,PP03,S1038,25.4
2026-12-26,PP03,S1039,10.4
2026-12-26,PP03,S1040,17.5
2026-12-26,PP03,S1041,9.9
2026-12-26,PP03,S1042,28.4
2026-12-26,PP03,S1043,26.8
2026-12-26,PP03,S1044,27.2
2026-12-26,PP03,S1045,26.2
2026-12-26,PP03,S1046,24.8
2026-12-26,PP03,S1047,15.8
2026-12-26,PP03,S1048,17.4
2026-12-26,PP03,S1049,24.5
2026-12-26,PP03,S1050,14.2
2026-12-26,PP03,S1051,16.9
2026-12-26,PP03,S1052,12.2
2026-12-26,PP04,S1053,14.6
2026-12-26,PP04,S1054,16.6
2026-12-26,PP04,S1055,16.7
2026-12-26,PP04,S1056,9.6
2026-12-26,PP04,S1057,14.4
2026-12-26,PP04,S1058,34.7
2026-12-26,PP04,S1059,15.8
2026-12-26,PP04,S1060,22.8
2026-12-26,PP04,S1061,16.3
2026-12-26,PP04,S1062,13.5
2026-12-26,PP04,S1063,22.6
2026-12-26,PP04,S1064,17.5
2026-12-26,PP04,S1065,27.1
2026-12-26,PP04,S1066,9.0
2026-12-26,PP04,S1067,10.4
2026-12-26,PP05,S1068,17.3
2026-12-26,PP05,S1069,26.3
2026-12-26,PP05,S1070,13.6
2026-12-26,PP05,S1071,9.2
2026-12-26,PP05,S1072,20.6
2026-12-26,PP05,S1073,22.7
2026-12-26,PP05,S1074,15.6
2026-12-26,PP05,S1075,20.8
2026-12-26,PP05,S1076,10.5
2026-12-26,PP05,S1077,22.9
2026-12-26,PP05,S1078,14.5
2026-12-26,PP05,S1079,33.1
2026-12-26,PP05,S1080,26.3
2026-12-26,PP05,S1081,18.3
2026-12-26,PP05,S1082,17.4
2026-12-26,PP05,S1083,18.1
2026-12-26,PP05,S1084,31.8
2026-12-26,PP06,S1085,25.7
2026-12-26,PP06,S1086,11.4
2026-12-26,PP06,S1087,18.2
2026-12-26,PP06,S1088,12.7
2026-12-26,PP06,S1089,11.5
2026-12-26,PP06,S1090,19.2
2026-12-26,PP06,S1091,9.5
2026-12-26,PP06,S1092,11.7
2026-12-26,PP06,S1093,20.7
2026-12-26,PP06,S1094,18.6
2026-12-26,PP06,S1095,26.5
2026-12-26,PP06,S1096,12.6
2026-12-26,PP06,S1097,12.6
2026-12-26,PP06,S1098,18.4
2026-12-26,PP06,S1099,25.1
2026-12-26,PP06,S1100,11.1
2026-12-26,PP06,S1101,28.0
2026-12-26,PP06,S1102,19.0
2026-12-26,PP07,S1103,13.1
2026-12-26,PP07,S1104,8.1
2026-12-26,PP07,S1105,25.7
2026-12-26,PP07,S1106,26.0
2026-12-26,PP07,S1107,21.5
2026-12-26,PP07,S1108,15.8
2026-12-26,PP07,S1109,21.8
2026-12-26,PP07,S1110,10.8
2026-12-26,PP07,S1111,10.2
2026-12-26,PP07,S1112,19.9
2026-12-26,PP07,S1113,13.4
2026-12-26,PP07,S1114,16.5
2026-12-26,PP07,S1115,19.4
2026-12-26,PP07,S1116,13.1
2026-12-26,PP07,S1117,17.5
2026-12-26,PP07,S1118,14.2
2026-12-26,PP08,S1119,8.9
2026-12-26,PP08,S1120,16.9
2026-12-26,PP08,S1121,14.5
2026-12-26,PP08,S1122,20.9
2026-12-26,PP08,S1123,15.0
2026-12-26,PP08,S1124,19.4
2026-12-26,PP08,S1125,12.3
2026-12-26,PP08,S1126,13.3
2026-12-26,PP08,S1127,20.0
2026-12-26,PP08,S1128,15.4
2026-12-26,PP08,S1129,12.9
2026-12-26,PP08,S1130,12.0
2026-12-26,PP08,S1131,11.8
2026-12-26,PP08,S1132,14.7
2026-12-26,PP08,S1133,22.2
2026-12-26,PP08,S1134,16.1
2026-12-26,PP04,S1135,16.8
2026-12-26,PP07,S1136,17.4
2027-01-02,PP01,S1001,24.5
2027-01-02,PP01,S1002,21.2
2027-01-02,PP01,S1003,16.1
2027-01-02,PP01,S1004,23.2
2027-01-02,PP01,S1005,10.1
2027-01-02,PP01,S1006,13.0
2027-01-02,PP01,S1007,9.7
2027-01-02,PP01,S1008,19.1
2027-01-02,PP01,S1009,15.2
2027-01-02,PP01,S1010,9.8
2027-01-02,PP01,S1011,17.9
2027-01-02,PP01,S1012,21.8
2027-01-02,PP01,S1013,15.0
2027-01-02,PP01,S1014,11.7
2027-01-02,PP02,S1015,12.2
2027-01-02,PP02,S1016,10.6
2027-01-02,PP02,S1017,15.7
2027-01-02,PP02,S1018,8.8
2027-01-02,PP02,S1019,10.0
2027-01-02,PP02,S1020,13.2
2027-01-02,PP02,S1021,19.7
2027-01-02,PP02,S1022,15.6
2027-01-02,PP02,S1023,9.9
2027-01-02,PP02,S1024,14.3
2027-01-02,PP02,S1025,7.7
2027-01-02,PP02,S1026,10.6
2027-01-02,PP02,S1027,12.3
2027-01-02,PP02,S1028,11.6
2027-01-02,PP02,S1029,7.4
2027-01-02,PP02,S1030,14.7
2027-01-02,PP02,S1031,9.4
2027-01-02,PP02,S1032,14.8
2027-01-02,PP02,S1033,8.0
2027-01-02,PP03,S1034,13.8
2027-01-02,PP03,S1035,12.2
2027-01-02,PP03,S1036,18.9
2027-01-02,PP03,S1037,13.6
2027-01-02,PP03,S1038,21.5
2027-01-02,PP03,S1039,8.8
2027-01-02,PP03,S1040,14.8
2027-01-02,PP03,S1041,8.4
2027-01-02,PP03,S1042,24.1
2027-01-02,PP03,S1043,22.7
2027-01-02,PP03,S1044,23.0
2027-01-02,PP03,S1045,22.2
2027-01-02,PP03,S1046,21.0
2027-01-02,PP03,S1047,13.4
2027-01-02,PP03,S1048,14.8
2027-01-02,PP03,S1049,20.7
2027-01-02,PP03,S1050,12.0
2027-01-02,PP03,S1051,14.3
2027-01-02,PP03,S1052,10.3
2027-01-02,PP04,S1053,12.3
2027-01-02,PP04,S1054,14.0
2027-01-02,PP04,S1055,14.1
2027-01-02,PP04,S1056,8.1
2027-01-02,PP04,S1057,12.2
2027-01-02,PP04,S1058,29.3
2027-01-02,PP04,S1059,13.3
2027-01-02,PP04,S1060,19.3
2027-01-02,PP04,S1061,13.7
2027-01-02,PP04,S1062,11.4
2027-01-02,PP04,S1063,19.1
2027-01-02,PP04,S1064,14.8
2027-01-02,PP04,S1065,22.9
2027-01-02,PP04,S1066,7.6
2027-01-02,PP04,S1067,8.7
2027-01-02,PP05,S1068,14.2
2027-01-02,PP05,S1069,21.6
2027-01-02,PP05,S1070,11.1
2027-01-02,PP05,S1071,7.5
2027-01-02,PP05,S1072,16.9
2027-01-02,PP05,S1073,18.6
2027-01-02,PP05,S1074,12.8
2027-01-02,PP05,S1075,17.0
2027-01-02,PP05,S1076,8.6
2027-01-02,PP05,S1077,18.8
2027-01-02,PP05,S1078,11.9
2027-01-02,PP05,S1079,27.1
2027-01-02,PP05,S1080,21.6
2027-01-02,PP05,S1081,15.0
2027-01-02,PP05,S1082,14.3
2027-01-02,PP05,S1083,14.8
2027-01-02,PP05,S1084,26.1
2027-01-02,PP06,S1085,21.8
2027-01-02,PP06,S1086,9.7
2027-01-02,PP06,S1087,15.4
2027-01-02,PP06,S1088,10.8
2027-01-02,PP06,S1089,9.8
2027-01-02,PP06,S1090,16.3
2027-01-02,PP06,S1091,8.1
2027-01-02,PP06,S1092,9.9
2027-01-02,PP06,S1093,17.5
2027-01-02,PP06,S1094,15.8
2027-01-02,PP06,S1095,22.5
2027-01-02,PP06,S1096,10.6
2027-01-02,PP06,S1097,10.7
2027-01-02,PP06,S1098,15.6
2027-01-02,PP06,S1099,21.3
2027-01-02,PP06,S1100,9.4
2027-01-02,PP06,S1101,23.7
2027-01-02,PP06,S1102,16.1
2027-01-02,PP07,S1103,10.6
2027-01-02,PP07,S1104,6.6
2027-01-02,PP07,S1105,20.9
2027-01-02,PP07,S1106,21.2
2027-01-02,PP07,S1107,17.5
2027-01-02,PP07,S1108,12.8
2027-01-02,PP07,S1109,17.7
2027-01-02,PP07,S1110,8.8
2027-01-02,PP07,S1111,8.3
2027-01-02,PP07,S1112,16.2
2027-01-02,PP07,S1113,10.9
2027-01-02,PP07,S1114,13.4
2027-01-02,PP07,S1115,15.8
2027-01-02,PP07,S1116,10.7
2027-01-02,PP07,S1117,14.2
2027-01-02,PP07,S1118,11.6
2027-01-02,PP08,S1119,7.4
2027-01-02,PP08,S1120,14.0
2027-01-02,PP08,S1121,12.0
2027-01-02,PP08,S1122,17.4
2027-01-02,PP08,S1123,12.4
2027-01-02,PP08,S1124,16.1
2027-01-02,PP08,S1125,10.2
2027-01-02,PP08,S1126,11.0
2027-01-02,PP08,S1127,16.6
2027-01-02,PP08,S1128,12.8
2027-01-02,PP08,S1129,10.7
2027-01-02,PP08,S1130,10.0
2027-01-02,PP08,S1131,9.8
2027-01-02,PP08,S1132,12.2
2027-01-02,PP08,S1133,18.4
2027-01-02,PP08,S1134,13.4
2027-01-02,PP04,S1135,14.1
2027-01-02,PP07,S1136,13.9
2027-01-09,PP01,S1001,20.8
2027-01-09,PP01,S1002,18.0
2027-01-09,PP01,S1003,13.7
2027-01-09,PP01,S1004,19.7
2027-01-09,PP01,S1005,8.6
2027-01-09,PP01,S1006,11.0
2027-01-09,PP01,S1007,8.3
2027-01-09,PP01,S1008,16.3
2027-01-09,PP01,S1009,12.9
2027-01-09,PP01,S1010,8.3
2027-01-09,PP01,S1011,15.2
2027-01-09,PP01,S1012,18.5
2027-01-09,PP01,S1013,12.8
2027-01-09,PP01,S1014,10.0
2027-01-09,PP02,S1015,9.8
2027-01-09,PP02,S1016,8.5
2027-01-09,PP02,S1017,12.6
2027-01-09,PP02,S1018,7.1
2027-01-09,PP02,S1019,8.1
2027-01-09,PP02,S1020,10.6
2027-01-09,PP02,S1021,15.8
2027-01-09,PP02,S1022,12.6
2027-01-09,PP02,S1023,7.9
2027-01-09,PP02,S1024,11.5
2027-01-09,PP02,S1025,6.2
2027-01-09,PP02,S1026,8.5
2027-01-09,PP02,S1027,9.9
2027-01-09,PP02,S1028,9.3
2027-01-09,PP02,S1029,5.9
2027-01-09,PP02,S1030,11.8
2027-01-09,PP02,S1031,7.6
2027-01-09,PP02,S1032,11.9
2027-01-09,PP02,S1033,6.5
2027-01-09,PP03,S1034,11.1
2027-01-09,PP03,S1035,9.8
2027-01-09,PP03,S1036,15.2
2027-01-09,PP03,S1037,11.0
2027-01-09,PP03,S1038,17.4
2027-01-09,PP03,S1039,7.1
2027-01-09,PP03,S1040,12.0
2027-01-09,PP03,S1041,6.8
2027-01-09,PP03,S1042,19.4
2027-01-09,PP03,S1043,18.3
2027-01-09,PP03,S1044,18.6
2027-01-09,PP03,S1045,17.9
2027-01-09,PP03,S1046,17.0
2027-01-09,PP03,S1047,10.8
2027-01-09,PP03,S1048,11.9
2027-01-09,PP03,S1049,16.7
2027-01-09,PP03,S1050,9.7
2027-01-09,PP03,S1051,11.5
2027-01-09,PP03,S1052,8.3
2027-01-09,PP04,S1053,10.4
2027-01-09,PP04,S1054,11.8
2027-01-09,PP04,S1055,11.9
2027-01-09,PP04,S1056,6.8
2027-01-09,PP04,S1057,10.3
2027-01-09,PP04,S1058,24.7
2027-01-09,PP04,S1059,11.2
2027-01-09,PP04,S1060,16.2
2027-01-09,PP04,S1061,11.6
2027-01-09,PP04,S1062,9.6
2027-01-09,PP04,S1063,16.1
2027-01-09,PP04,S1064,12.4
2027-01-09,PP04,S1065,19.3
2027-01-09,PP04,S1066,6.4
2027-01-09,PP04,S1067,7.4
2027-01-09,PP05,S1068,12.0
2027-01-09,PP05,S1069,18.2
2027-01-09,PP05,S1070,9.4
2027-01-09,PP05,S1071,6.3
2027-01-09,PP05,S1072,14.3
2027-01-09,PP05,S1073,15.7
2027-01-09,PP05,S1074,10.8
2027-01-09,PP05,S1075,14.4
2027-01-09,PP05,S1076,7.2
2027-01-09,PP05,S1077,15.9
2027-01-09,PP05,S1078,10.1
2027-01-09,PP05,S1079,22.9
2027-01-09,PP05,S1080,18.2
2027-01-09,PP05,S1081,12.6
2027-01-09,PP05,S1082,12.0
2027-01-09,PP05,S1083,12.5
2027-01-09,PP05,S1084,22.0
2027-01-09,PP06,S1085,17.6
2027-01-09,PP06,S1086,7.8
2027-01-09,PP06,S1087,12.5
2027-01-09,PP06,S1088,8.7
2027-01-09,PP06,S1089,7.9
2027-01-09,PP06,S1090,13.2
2027-01-09,PP06,S1091,6.5
2027-01-09,PP06,S1092,8.0
2027-01-09,PP06,S1093,14.2
2027-01-09,PP06,S1094,12.8
2027-01-09,PP06,S1095,18.2
2027-01-09,PP06,S1096,8.6
2027-01-09,PP06,S1097,8.7
2027-01-09,PP06,S1098,12.6
2027-01-09,PP06,S1099,17.2
2027-01-09,PP06,S1100,7.6
2027-01-09,PP06,S1101,19.2
2027-01-09,PP06,S1102,13.1
2027-01-09,PP07,S1103,8.7
2027-01-09,PP07,S1104,5.4
2027-01-09,PP07,S1105,17.1
2027-01-09,PP07,S1106,17.3
2027-01-09,PP07,S1107,14.3
2027-01-09,PP07,S1108,10.5
2027-01-09,PP07,S1109,14.5
2027-01-09,PP07,S1110,7.2
2027-01-09,PP07,S1111,6.8
2027-01-09,PP07,S1112,13.2
2027-01-09,PP07,S1113,8.9
2027-01-09,PP07,S1114,10.9
2027-01-09,PP07,S1115,12.9
2027-01-09,PP07,S1116,8.7
2027-01-09,PP07,S1117,11.6
2027-01-09,PP07,S1118,9.5
2027-01-09,PP08,S1119,6.2
2027-01-09,PP08,S1120,11.8
2027-01-09,PP08,S1121,10.1
2027-01-09,PP08,S1122,14.6
2027-01-09,PP08,S1123,10.5
2027-01-09,PP08,S1124,13.5
2027-01-09,PP08,S1125,8.6
2027-01-09,PP08,S1126,9.3
2027-01-09,PP08,S1127,14.0
2027-01-09,PP08,S1128,10.8
2027-01-09,PP08,S1129,9.0
2027-01-09,PP08,S1130,8.4
2027-01-09,PP08,S1131,8.3
2027-01-09,PP08,S1132,10.3
2027-01-09,PP08,S1133,15.5
2027-01-09,PP08,S1134,11.3
2027-01-09,PP04,S1135,11.6
2027-01-09,PP07,S1136,11.3
2027-01-16,PP01,S1001,20.1
2027-01-16,PP01,S1002,17.4
2027-01-16,PP01,S1003,13.2
2027-01-16,PP01,S1004,19.0
2027-01-16,PP01,S1005,8.3
2027-01-16,PP01,S1006,10.7
2027-01-16,PP01,S1007,8.0
2027-01-16,PP01,S1008,15.7
2027-01-16,PP01,S1009,12.5
2027-01-16,PP01,S1010,8.1
2027-01-16,PP01,S1011,14.7
2027-01-16,PP01,S1012,17.9
2027-01-16,PP01,S1013,12.3
2027-01-16,PP01,S1014,9.6
2027-01-16,PP02,S1015,10.0
2027-01-16,PP02,S1016,8.6
2027-01-16,PP02,S1017,12.8
2027-01-16,PP02,S1018,7.2
2027-01-16,PP02,S1019,8.2
2027-01-16,PP02,S1020,10.7
2027-01-16,PP02,S1021,16.0
2027-01-16,PP02,S1022,12.8
2027-01-16,PP02,S1023,8.0
2027-01-16,PP02,S1024,11.6
2027-01-16,PP02,S1025,6.3
2027-01-16,PP02,S1026,8.6
2027-01-16,PP02,S1027,10.0
2027-01-16,PP02,S1028,9.5
2027-01-16,PP02,S1029,6.0
2027-01-16,PP02,S1030,12.0
2027-01-16,PP02,S1031,7.7
2027-01-16,PP02,S1032,12.1
2027-01-16,PP02,S1033,6.6
2027-01-16,PP03,S1034,11.1
2027-01-16,PP03,S1035,9.8
2027-01-16,PP03,S1036,15.2
2027-01-16,PP03,S1037,11.0
2027-01-16,PP03,S1038,17.4
2027-01-16,PP03,S1039,7.1
2027-01-16,PP03,S1040,12.0
2027-01-16,PP03,S1041,6.8
2027-01-16,PP03,S1042,19.4
2027-01-16,PP03,S1043,18.3
2027-01-16,PP03,S1044,18.6
2027-01-16,PP03,S1045,17.9
2027-01-16,PP03,S1046,17.0
2027-01-16,PP03,S1047,10.8
2027-01-16,PP03,S1048,11.9
2027-01-16,PP03,S1049,16.7
2027-01-16,PP03,S1050,9.7
2027-01-16,PP03,S1051,11.5
2027-01-16,PP03,S1052,8.3
2027-01-16,PP04,S1053,10.1
2027-01-16,PP04,S1054,11.5
2027-01-16,PP04,S1055,11.6
2027-01-16,PP04,S1056,6.6
2027-01-16,PP04,S1057,10.0
2027-01-16,PP04,S1058,24.1
2027-01-16,PP04,S1059,10.9
2027-01-16,PP04,S1060,15.8
2027-01-16,PP04,S1061,11.3
2027-01-16,PP04,S1062,9.3
2027-01-16,PP04,S1063,15.7
2027-01-16,PP04,S1064,12.1
2027-01-16,PP04,S1065,18.8
2027-01-16,PP04,S1066,6.2
2027-01-16,PP04,S1067,7.2
2027-01-16,PP05,S1068,12.1
2027-01-16,PP05,S1069,18.5
2027-01-16,PP05,S1070,9.5
2027-01-16,PP05,S1071,6.4
2027-01-16,PP05,S1072,14.4
2027-01-16,PP05,S1073,15.9
2027-01-16,PP05,S1074,10.9
2027-01-16,PP05,S1075,14.6
2027-01-16,PP05,S1076,7.3
2027-01-16,PP05,S1077,16.1
2027-01-16,PP05,S1078,10.2
2027-01-16,PP05,S1079,23.2
2027-01-16,PP05,S1080,18.5
2027-01-16,PP05,S1081,12.8
2027-01-16,PP05,S1082,12.2
2027-01-16,PP05,S1083,12.7
2027-01-16,PP05,S1084,22.3
2027-01-16,PP06,S1085,18.1
2027-01-16,PP06,S1086,8.1
2027-01-16,PP06,S1087,12.8
2027-01-16,PP06,S1088,9.0
2027-01-16,PP06,S1089,8.1
2027-01-16,PP06,S1090,13.5
2027-01-16,PP06,S1091,6.7
2027-01-16,PP06,S1092,8.2
2027-01-16,PP06,S1093,14.6
2027-01-16,PP06,S1094,13.1
2027-01-16,PP06,S1095,18.7
2027-01-16,PP06,S1096,8.8
2027-01-16,PP06,S1097,8.9
2027-01-16,PP06,S1098,13.0
2027-01-16,PP06,S1099,17.7
2027-01-16,PP06,S1100,7.8
2027-01-16,PP06,S1101,19.7
2027-01-16,PP06,S1102,13.4
2027-01-16,PP07,S1103,9.0
2027-01-16,PP07,S1104,5.6
2027-01-16,PP07,S1105,17.7
2027-01-16,PP07,S1106,17.9
2027-01-16,PP07,S1107,14.8
2027-01-16,PP07,S1108,10.8
2027-01-16,PP07,S1109,15.0
2027-01-16,PP07,S1110,7.4
2027-01-16,PP07,S1111,7.0
2027-01-16,PP07,S1112,13.7
2027-01-16,PP07,S1113,9.2
2027-01-16,PP07,S1114,11.3
2027-01-16,PP07,S1115,13.4
2027-01-16,PP07,S1116,9.1
2027-01-16,PP07,S1117,12.0
2027-01-16,PP07,S1118,9.8
2027-01-16,PP08,S1119,6.4
2027-01-16,PP08,S1120,12.1
2027-01-16,PP08,S1121,10.4
2027-01-16,PP08,S1122,15.0
2027-01-16,PP08,S1123,10.8
2027-01-16,PP08,S1124,13.9
2027-01-16,PP08,S1125,8.8
2027-01-16,PP08,S1126,9.5
2027-01-16,PP08,S1127,14.3
2027-01-16,PP08,S1128,11.1
2027-01-16,PP08,S1129,9.3
2027-01-16,PP08,S1130,8.6
2027-01-16,PP08,S1131,8.5
2027-01-16,PP08,S1132,10.6
2027-01-16,PP08,S1133,15.9
2027-01-16,PP08,S1134,11.6
2027-01-16,PP04,S1135,11.4
2027-01-16,PP07,S1136,11.5
2027-01-23,PP01,S1001,21.1
2027-01-23,PP01,S1002,18.3
2027-01-23,PP01,S1003,13.9
2027-01-23,PP01,S1004,20.0
2027-01-23,PP01,S1005,8.7
2027-01-23,PP01,S1006,11.2
2027-01-23,PP01,S1007,8.4
2027-01-23,PP01,S1008,16.5
2027-01-23,PP01,S1009,13.1
2027-01-23,PP01,S1010,8.5
2027-01-23,PP01,S1011,15.4
2027-01-23,PP01,S1012,18.8
2027-01-23,PP01,S1013,13.0
2027-01-23,PP01,S1014,10.1
2027-01-23,PP02,S1015,10.6
2027-01-23,PP02,S1016,9.2
2027-01-23,PP02,S1017,13.6
2027-01-23,PP02,S1018,7.7
2027-01-23,PP02,S1019,8.7
2027-01-23,PP02,S1020,11.4
2027-01-23,PP02,S1021,17.1
2027-01-23,PP02,S1022,13.6
2027-01-23,PP02,S1023,8.6
2027-01-23,PP02,S1024,12.4
2027-01-23,PP02,S1025,6.7
2027-01-23,PP02,S1026,9.2
2027-01-23,PP02,S1027,10.7
2027-01-23,PP02,S1028,10.1
2027-01-23,PP02,S1029,6.4
2027-01-23,PP02,S1030,12.8
2027-01-23,PP02,S1031,8.2
2027-01-23,PP02,S1032,12.9
2027-01-23,PP02,S1033,7.0
2027-01-23,PP03,S1034,11.7
2027-01-23,PP03,S1035,10.3
2027-01-23,PP03,S1036,15.9
2027-01-23,PP03,S1037,11.5
2027-01-23,PP03,S1038,18.2
2027-01-23,PP03,S1039,7.4
2027-01-23,PP03,S1040,12.5
2027-01-23,PP03,S1041,7.1
2027-01-23,PP03,S1042,20.3
2027-01-23,PP03,S1043,19.2
2027-01-23,PP03,S1044,19.4
2027-01-23,PP03,S1045,18.8
2027-01-23,PP03,S1046,17.8
2027-01-23,PP03,S1047,11.3
2027-01-23,PP03,S1048,12.5
2027-01-23,PP03,S1049,17.5
2027-01-23,PP03,S1050,10.2
2027-01-23,PP03,S1051,12.1
2027-01-23,PP03,S1052,8.7
2027-01-23,PP04,S1053,10.7
2027-01-23,PP04,S1054,12.2
2027-01-23,PP04,S1055,12.2
2027-01-23,PP04,S1056,7.0
2027-01-23,PP04,S1057,10.6
2027-01-23,PP04,S1058,25.4
2027-01-23,PP04,S1059,11.5
2027-01-23,PP04,S1060,16.7
2027-01-23,PP04,S1061,11.9
2027-01-23,PP04,S1062,9.9
2027-01-23,PP04,S1063,16.6
2027-01-23,PP04,S1064,12.8
2027-01-23,PP04,S1065,19.8
2027-01-23,PP04,S1066,6.6
2027-01-23,PP04,S1067,7.6
2027-01-23,PP05,S1068,12.8
2027-01-23,PP05,S1069,19.5
2027-01-23,PP05,S1070,10.1
2027-01-23,PP05,S1071,6.8
2027-01-23,PP05,S1072,15.3
2027-01-23,PP05,S1073,16.8
2027-01-23,PP05,S1074,11.6
2027-01-23,PP05,S1075,15.4
2027-01-23,PP05,S1076,7.8
2027-01-23,PP05,S1077,17.0
2027-01-23,PP05,S1078,10.8
2027-01-23,PP05,S1079,24.5
2027-01-23,PP05,S1080,19.5
2027-01-23,PP05,S1081,13.6
2027-01-23,PP05,S1082,12.9
2027-01-23,PP05,S1083,13.4
2027-01-23,PP05,S1084,23.6
2027-01-23,PP06,S1085,18.9
2027-01-23,PP06,S1086,8.4
2027-01-23,PP06,S1087,13.4
2027-01-23,PP06,S1088,9.4
2027-01-23,PP06,S1089,8.5
2027-01-23,PP06,S1090,14.1
2027-01-23,PP06,S1091,7.0
2027-01-23,PP06,S1092,8.6
2027-01-23,PP06,S1093,15.2
2027-01-23,PP06,S1094,13.7
2027-01-23,PP06,S1095,19.5
2027-01-23,PP06,S1096,9.2
2027-01-23,PP06,S1097,9.3
2027-01-23,PP06,S1098,13.6
2027-01-23,PP06,S1099,18.5
2027-01-23,PP06,S1100,8.1
2027-01-23,PP06,S1101,20.6
2027-01-23,PP06,S1102,14.0
2027-01-23,PP07,S1103,9.6
2027-01-23,PP07,S1104,5.9
2027-01-23,PP07,S1105,18.8
2027-01-23,PP07,S1106,19.1
2027-01-23,PP07,S1107,15.8
2027-01-23,PP07,S1108,11.5
2027-01-23,PP07,S1109,16.0
2027-01-23,PP07,S1110,7.9
2027-01-23,PP07,S1111,7.5
2027-01-23,PP07,S1112,14.6
2027-01-23,PP07,S1113,9.8
2027-01-23,PP07,S1114,12.1
2027-01-23,PP07,S1115,14.2
2027-01-23,PP07,S1116,9.6
2027-01-23,PP07,S1117,12.8
2027-01-23,PP07,S1118,10.4
2027-01-23,PP08,S1119,6.7
2027-01-23,PP08,S1120,12.7
2027-01-23,PP08,S1121,10.9
2027-01-23,PP08,S1122,15.7
2027-01-23,PP08,S1123,11.3
2027-01-23,PP08,S1124,14.5
2027-01-23,PP08,S1125,9.2
2027-01-23,PP08,S1126,10.0
2027-01-23,PP08,S1127,15.0
2027-01-23,PP08,S1128,11.6
2027-01-23,PP08,S1129,9.7
2027-01-23,PP08,S1130,9.0
2027-01-23,PP08,S1131,8.9
2027-01-23,PP08,S1132,11.1
2027-01-23,PP08,S1133,16.7
2027-01-23,PP08,S1134,12.1
2027-01-23,PP04,S1135,12.1
2027-01-23,PP07,S1136,12.4
